customer_id,email,first_name,last_name,gender,birthdate,credits
1,bgisbey0@youtu.be,Brady,Gisbey,Female,2021/01/15,2797.05
2,fkesten1@whitehouse.gov,Florence,Kesten,Polygender,2020/02/10,8556.51
3,ejoseland2@nyu.edu,Eleen,Joseland,Non-binary,2018/10/07,4143.99
4,agumly3@fema.gov,Anita,Gumly,Genderfluid,2021/04/10,635.29
5,mwhiff4@ebay.co.uk,Mildrid,Whiff,Non-binary,2021/04/14,2658.13
6,ecambell5@bloglines.com,Ellswerth,Cambell,Genderfluid,2019/08/28,9646.79
7,dhaestier6@mayoclinic.com,Doti,Haestier,Polygender,2018/06/21,5910.86
8,cgaliero7@github.com,Cecilio,Galiero,Bigender,2020/08/23,4859.98
9,rjobbing8@nasa.gov,Rufus,Jobbing,Polygender,2018/10/28,7884.72
10,gbysaker9@edublogs.org,Glendon,Bysaker,Non-binary,2019/11/11,7465.67
11,bfearnsa@berkeley.edu,Bearnard,Fearns,Male,2018/08/01,2731.8
12,isnoxallb@businesswire.com,Idalia,Snoxall,Female,2019/01/16,4584.33
13,waubertc@comsenz.com,Windham,Aubert,Female,2018/07/19,2396.99
14,jcuppittd@etsy.com,Jerry,Cuppitt,Bigender,2018/07/03,379.72
15,tmcdowelle@github.io,Tuckie,McDowell,Genderfluid,2019/12/08,303.0
16,fkienlf@weebly.com,Frances,Kienl,Female,2020/08/30,5326.0
17,kberzong@imgur.com,Kienan,Berzon,Polygender,2018/07/27,1241.32
18,dallwrighth@clickbank.net,Dorise,Allwright,Male,2020/02/18,3957.6
19,zspellardi@vinaora.com,Zelma,Spellard,Male,2019/12/01,400.59
20,psorroj@hubpages.com,Paulo,Sorro,Agender,2019/12/01,6652.8
21,lklammtk@blogtalkradio.com,Les,Klammt,Genderqueer,2018/09/19,1560.54
22,eboshelll@sohu.com,Eada,Boshell,Female,2018/08/15,9257.14
23,msivem@wikipedia.org,Milka,Sive,Genderqueer,2020/04/05,9060.98
24,ftathacottn@usnews.com,Filide,Tathacott,Agender,2019/08/04,1884.06
25,mhanwello@gov.uk,Marigold,Hanwell,Genderqueer,2021/04/16,2623.25
26,jonionsp@stumbleupon.com,Jere,O'Nions,Non-binary,2019/12/16,9329.41
27,kboxellq@flavors.me,Kimberlee,Boxell,Female,2020/03/23,6973.73
28,rmandellr@skyrock.com,Renado,Mandell,Genderfluid,2020/08/20,6729.21
29,tedwardsons@mashable.com,Tate,Edwardson,Agender,2019/01/01,8818.58
30,alongmeadt@ucla.edu,Aggy,Longmead,Genderfluid,2019/06/23,95.78
31,rmcguirku@adobe.com,Remus,McGuirk,Polygender,2019/12/09,3951.23
32,khickissonv@loc.gov,Kiley,Hickisson,Polygender,2021/01/18,9482.36
33,eattockw@clickbank.net,Eba,Attock,Male,2018/12/30,3854.64
34,lbeex@etsy.com,Lenee,Bee,Genderfluid,2020/05/13,6724.74
35,tkirkbridey@reference.com,Titos,Kirkbride,Female,2018/10/04,6409.8
36,iorltonz@ebay.co.uk,Ivonne,Orlton,Genderfluid,2020/11/06,2618.55
37,edillicate10@wired.com,Elmer,Dillicate,Female,2019/08/08,6297.21
38,ajohnys11@hubpages.com,Antonino,Johnys,Bigender,2021/04/25,7991.28
39,aegel12@time.com,Alwyn,Egel,Male,2020/02/21,7612.3
40,eharryman13@wufoo.com,Evyn,Harryman,Genderqueer,2020/12/10,5016.1
41,flates14@reuters.com,Fernandina,Lates,Male,2019/08/16,6938.86
42,lbaildon15@newsvine.com,Larry,Baildon,Agender,2019/05/19,8947.43
43,rbaalham16@free.fr,Rochelle,Baalham,Female,2019/01/01,2128.51
44,cswyndley17@youku.com,Craggie,Swyndley,Agender,2019/03/08,3771.7
45,mmcnamee18@ow.ly,Meg,McNamee,Polygender,2020/07/29,3390.3
46,ddallender19@omniture.com,Decca,Dallender,Bigender,2020/01/01,9836.87
47,gsineath1a@scribd.com,Gerhard,Sineath,Genderfluid,2021/02/24,71.31
48,hdewdney1b@blogtalkradio.com,Hailey,Dewdney,Genderfluid,2020/05/19,8925.56
49,edello1c@reference.com,Ethel,Dello,Genderqueer,2020/03/27,6608.07
50,gdorr1d@unesco.org,Giffie,Dorr,Genderfluid,2019/09/15,8190.19
51,asaiens1e@princeton.edu,Ario,Saiens,Genderqueer,2021/03/09,7327.08
52,lharold1f@youku.com,Lothario,Harold,Male,2019/03/10,4258.43
53,cweavers1g@yale.edu,Cristiano,Weavers,Male,2020/09/20,2490.39
54,cmackean1h@narod.ru,Coletta,MacKean,Genderfluid,2020/05/17,7730.74
55,vlabbey1i@mapy.cz,Victoria,Labbey,Polygender,2018/12/05,7157.86
56,nissacoff1j@blogger.com,Nesta,Issacoff,Female,2018/06/17,7347.47
57,ceastway1k@narod.ru,Cori,Eastway,Male,2021/02/19,3029.77
58,pdax1l@4shared.com,Pavel,Dax,Female,2019/08/09,6553.77
59,odethloff1m@abc.net.au,Otes,Dethloff,Genderqueer,2019/05/10,3615.61
60,stattam1n@buzzfeed.com,Saundra,Tattam,Bigender,2019/03/31,9183.92
61,bjepensen1o@diigo.com,Boony,Jepensen,Genderfluid,2019/08/18,3720.64
62,etrippett1p@pen.io,Edythe,Trippett,Genderfluid,2020/08/02,8127.46
63,kpharro1q@about.me,Kendrick,Pharro,Agender,2019/11/01,3226.68
64,mmurkin1r@pcworld.com,Melissa,Murkin,Bigender,2018/09/15,8337.71
65,hspriggin1s@umn.edu,Halsy,Spriggin,Agender,2018/08/12,9293.85
66,sgoodwins1t@livejournal.com,Steven,Goodwins,Bigender,2021/01/29,3368.26
67,hdixey1u@wisc.edu,Harmonie,Dixey,Bigender,2019/11/15,426.17
68,lwaight1v@dropbox.com,Lizzie,Waight,Male,2018/09/07,4972.2
69,cvennard1w@amazon.co.uk,Concordia,Vennard,Female,2019/08/28,4838.65
70,kspreckley1x@accuweather.com,Kristos,Spreckley,Agender,2019/01/10,9535.16
71,omills1y@noaa.gov,Octavia,Mills,Non-binary,2018/05/27,2434.15
72,aeckley1z@csmonitor.com,Amata,Eckley,Non-binary,2020/01/07,2259.15
73,dvandecastele20@ibm.com,Darcy,Van de Castele,Non-binary,2020/11/16,7488.08
74,ccoleman21@nymag.com,Cart,Coleman,Genderqueer,2018/07/16,7696.42
75,nwestmerland22@wordpress.org,Nicole,Westmerland,Male,2020/05/14,6326.24
76,mlockney23@usda.gov,Murray,Lockney,Non-binary,2018/12/25,4474.99
77,kmulrean24@nih.gov,Kordula,Mulrean,Agender,2019/05/04,6842.63
78,wlowbridge25@123-reg.co.uk,Wash,Lowbridge,Genderqueer,2020/11/19,211.88
79,osherland26@godaddy.com,Ora,Sherland,Female,2019/09/16,2534.25
80,vcoffee27@fastcompany.com,Vivyanne,Coffee,Agender,2018/08/09,8301.52
81,lwarlowe28@bravesites.com,Laina,Warlowe,Genderqueer,2020/04/26,1463.34
82,bseward29@edublogs.org,Bobbie,Seward,Genderqueer,2019/03/21,7319.97
83,hhaworth2a@tmall.com,Herbie,Haworth,Agender,2020/05/02,7377.47
84,ebusson2b@cornell.edu,Ellynn,Busson,Genderqueer,2021/03/25,1907.28
85,fbarczewski2c@wix.com,Frances,Barczewski,Non-binary,2021/04/13,2117.01
86,rpetchey2d@huffingtonpost.com,Renault,Petchey,Agender,2019/04/23,3449.54
87,bleacy2e@tamu.edu,Bobby,Leacy,Bigender,2019/01/07,8600.22
88,cdelooze2f@state.tx.us,Cornela,Delooze,Agender,2019/08/29,2431.1
89,tchaffe2g@fda.gov,Terencio,Chaffe,Non-binary,2019/02/28,9840.35
90,bmacmurray2h@nps.gov,Boyd,MacMurray,Polygender,2019/04/29,6707.76
91,cohegertie2i@mediafire.com,Carol,O'Hegertie,Genderfluid,2018/05/10,5466.35
92,tfishley2j@ehow.com,Tobie,Fishley,Genderfluid,2019/07/06,6997.89
93,mlambirth2k@bloomberg.com,Mirilla,Lambirth,Bigender,2018/11/08,5999.74
94,mbullman2l@discuz.net,Melva,Bullman,Polygender,2020/07/24,5518.38
95,loglessane2m@weebly.com,Lorenza,O'Glessane,Male,2021/04/22,6015.74
96,taiken2n@fotki.com,Timmy,Aiken,Female,2019/03/29,6392.99
97,csprull2o@sciencedaily.com,Carri,Sprull,Polygender,2018/10/17,9147.01
98,mthornebarrow2p@usnews.com,Marj,Thornebarrow,Female,2018/12/29,2512.52
99,vtomczykowski2q@sina.com.cn,Vinny,Tomczykowski,Agender,2021/04/12,5135.89
100,wlermouth2r@ed.gov,Walt,Lermouth,Non-binary,2021/04/21,1331.53
101,harkley2s@sina.com.cn,Hurlee,Arkley,Genderfluid,2020/03/14,9049.37
102,slongbothom2t@vinaora.com,Shirlene,Longbothom,Polygender,2020/07/25,7909.51
103,gsproat2u@huffingtonpost.com,Gabbey,Sproat,Genderqueer,2019/11/02,3117.42
104,lcatcherside2v@ehow.com,Lazar,Catcherside,Agender,2021/01/06,2390.05
105,aklambt2w@google.ca,Arnold,Klambt,Bigender,2020/09/18,6883.18
106,ssermin2x@time.com,Saloma,Sermin,Agender,2021/02/28,4837.27
107,wdollman2y@wunderground.com,Wren,Dollman,Bigender,2019/02/07,3102.63
108,mnevitt2z@ovh.net,Moreen,Nevitt,Female,2020/02/02,2125.47
109,dfaichnie30@people.com.cn,Dorolisa,Faichnie,Bigender,2019/01/15,3296.84
110,hshearwood31@blog.com,Hyatt,Shearwood,Non-binary,2020/04/19,6134.3
111,kmccowen32@home.pl,Kimbra,McCowen,Female,2018/07/24,1498.77
112,eswafield33@washingtonpost.com,Emory,Swafield,Male,2018/06/13,6914.74
113,dboult34@pcworld.com,Desmund,Boult,Non-binary,2018/07/08,5262.01
114,avedenisov35@prlog.org,Adelheid,Vedenisov,Bigender,2018/08/11,5638.57
115,ddufoure36@webeden.co.uk,Dare,Dufoure,Non-binary,2020/02/09,5516.15
116,bhorrigan37@wsj.com,Ber,Horrigan,Bigender,2020/07/31,7754.84
117,tknight38@issuu.com,Tobias,Knight,Genderfluid,2019/10/14,779.82
118,mcrown39@ft.com,Margaretha,Crown,Genderfluid,2019/07/25,500.99
119,htugman3a@house.gov,Henderson,Tugman,Genderqueer,2019/12/02,3981.87
120,ehesey3b@google.com.au,Eldredge,Hesey,Bigender,2020/11/27,5115.3
121,dqueyeiro3c@discuz.net,Doyle,Queyeiro,Polygender,2019/03/07,8777.81
122,chodge3d@twitter.com,Cornie,Hodge,Genderfluid,2019/02/01,4350.01
123,rspreadbury3e@usgs.gov,Ranique,Spreadbury,Bigender,2020/04/08,1591.72
124,aphin3f@stanford.edu,Anny,Phin,Male,2018/12/02,645.7
125,sraubenheimers3g@intel.com,Sara-ann,Raubenheimers,Bigender,2019/03/10,4356.55
126,cianittello3h@nydailynews.com,Carmine,Ianittello,Female,2020/01/16,2086.04
127,tbuard3i@qq.com,Tom,Buard,Genderfluid,2020/11/11,9405.74
128,ccrewes3j@bloglines.com,Conni,Crewes,Agender,2020/11/25,4686.59
129,cemett3k@ihg.com,Corey,Emett,Genderqueer,2018/07/27,3102.65
130,bhardiman3l@marketwatch.com,Bianca,Hardiman,Bigender,2018/06/08,1275.27
131,bcastiglio3m@nytimes.com,Berte,Castiglio,Male,2020/11/07,810.43
132,tmcaviy3n@taobao.com,Troy,McAviy,Male,2018/06/12,9320.39
133,jdonnan3o@mediafire.com,Janean,Donnan,Polygender,2019/08/10,9676.91
134,jfilippucci3p@vinaora.com,Jemima,Filippucci,Polygender,2019/08/11,4380.85
135,jtansly3q@slashdot.org,Julianna,Tansly,Bigender,2019/05/12,1176.52
136,gling3r@hubpages.com,Gregoire,Ling,Female,2021/03/30,9243.62
137,kpatsall3s@godaddy.com,Kaela,Patsall,Genderfluid,2020/06/22,9857.93
138,adrage3t@hugedomains.com,Arluene,Drage,Male,2019/11/10,8534.66
139,wwetherhead3u@google.it,Whitney,Wetherhead,Agender,2019/02/17,2849.32
140,crauprich3v@umn.edu,Chelsie,Rauprich,Genderqueer,2020/09/15,7261.18
141,tobruen3w@cpanel.net,Ted,O'Bruen,Polygender,2019/04/04,4370.25
142,mbridgement3x@deviantart.com,Maynard,Bridgement,Non-binary,2020/08/20,864.06
143,ihulbert3y@omniture.com,Irita,Hulbert,Agender,2018/07/20,9326.04
144,mhellwich3z@moonfruit.com,Margo,Hellwich,Male,2018/07/10,6799.79
145,msnelgrove40@illinois.edu,Marie-jeanne,Snelgrove,Polygender,2019/12/28,2151.14
146,bcrotty41@weibo.com,Blinny,Crotty,Female,2020/01/16,8810.13
147,ojagielski42@smugmug.com,Octavia,Jagielski,Genderqueer,2019/08/14,1289.07
148,anelius43@comcast.net,Aaren,Nelius,Female,2018/05/25,8.43
149,mpemberton44@answers.com,Merell,Pemberton,Bigender,2018/11/08,3574.85
150,kimlin45@ocn.ne.jp,Kelley,Imlin,Genderfluid,2020/09/10,6219.25
151,cbleackly46@psu.edu,Coretta,Bleackly,Agender,2021/04/16,5039.65
152,gmorphew47@pinterest.com,Gilburt,Morphew,Genderfluid,2019/01/07,2354.15
153,jhoppner48@blog.com,Jesselyn,Hoppner,Bigender,2019/10/24,4223.73
154,lstibbs49@economist.com,Leora,Stibbs,Bigender,2019/05/31,8862.42
155,ekimble4a@globo.com,Erinn,Kimble,Bigender,2020/12/06,8267.54
156,cnormanvill4b@army.mil,Case,Normanvill,Male,2019/03/20,1143.2
157,kwardhough4c@addthis.com,Ki,Wardhough,Agender,2018/05/24,9537.29
158,wespin4d@soup.io,Walt,Espin,Male,2019/04/22,6116.72
159,sstangoe4e@godaddy.com,Skipp,Stangoe,Agender,2020/01/05,4482.19
160,fdillintone4f@wiley.com,Francine,Dillintone,Agender,2021/01/30,4339.07
161,jivashinnikov4g@eventbrite.com,Joline,Ivashinnikov,Genderqueer,2020/08/14,1394.33
162,vpiatek4h@liveinternet.ru,Viviene,Piatek,Bigender,2020/03/14,8178.6
163,prosenstein4i@fastcompany.com,Putnem,Rosenstein,Non-binary,2020/06/10,5767.39
164,alaight4j@bloglovin.com,Arlina,Laight,Agender,2019/10/15,4088.23
165,ashee4k@answers.com,Adrianna,Shee,Female,2021/02/12,4392.43
166,ksquirrell4l@tmall.com,Kira,Squirrell,Female,2021/04/07,7581.37
167,hbrownstein4m@toplist.cz,Hodge,Brownstein,Genderqueer,2019/08/11,5390.27
168,ydouris4n@123-reg.co.uk,Yurik,Douris,Female,2020/06/05,8686.76
169,fvillaron4o@examiner.com,Fayth,Villaron,Bigender,2019/03/21,887.42
170,kgrzegorczyk4p@rambler.ru,Kirbie,Grzegorczyk,Female,2020/06/17,429.71
171,alawrenceson4q@icio.us,Alexa,Lawrenceson,Agender,2020/10/16,911.34
172,kailsbury4r@businesswire.com,Kennan,Ailsbury,Genderfluid,2020/11/20,98.51
173,lletford4s@deviantart.com,Laurianne,Letford,Agender,2020/10/25,1975.92
174,levenden4t@privacy.gov.au,Layney,Evenden,Female,2019/04/17,5303.11
175,pmalt4u@prnewswire.com,Peg,Malt,Genderfluid,2020/01/04,4235.08
176,nbrookton4v@berkeley.edu,Nowell,Brookton,Non-binary,2019/06/15,2204.59
177,mocurrane4w@ucoz.ru,Mignon,O'Currane,Agender,2018/10/13,8629.85
178,nmartinec4x@intel.com,Nikolaos,Martinec,Genderfluid,2018/08/08,2400.38
179,jjillions4y@cnet.com,Justen,Jillions,Male,2021/01/20,493.33
180,cdomelaw4z@seattletimes.com,Charlene,Domelaw,Genderqueer,2020/01/26,3742.53
181,rbuxam50@yandex.ru,Ruddie,Buxam,Male,2020/05/31,2218.62
182,moager51@sina.com.cn,Mitzi,Oager,Male,2020/10/17,8354.49
183,ekikke52@sina.com.cn,Edythe,Kikke,Agender,2020/08/24,2868.22
184,lmullard53@google.co.jp,Latrina,Mullard,Genderfluid,2018/08/05,400.07
185,evautin54@irs.gov,Eddi,Vautin,Genderfluid,2020/09/30,5184.01
186,tdigges55@cornell.edu,Thaxter,Digges,Genderqueer,2018/07/27,7628.1
187,vfoskett56@unblog.fr,Valma,Foskett,Genderqueer,2020/04/23,2460.84
188,awalbridge57@tinypic.com,Alain,Walbridge,Male,2018/06/20,231.65
189,mhowsley58@typepad.com,Marlee,Howsley,Male,2020/01/23,6602.38
190,uoloughnan59@newsvine.com,Uriah,O'Loughnan,Genderqueer,2019/02/21,5998.44
191,iaberchirder5a@1688.com,Ivory,Aberchirder,Bigender,2018/06/25,9675.38
192,aduggan5b@who.int,Archer,Duggan,Bigender,2019/03/04,5667.11
193,jspring5c@icq.com,Jenine,Spring,Bigender,2019/05/11,1402.56
194,bdawnay5d@mit.edu,Bay,Dawnay,Genderfluid,2018/10/13,6460.03
195,smartino5e@weibo.com,Sigfried,Martino,Male,2019/03/21,2831.43
196,mjakubovics5f@ezinearticles.com,Morgan,Jakubovics,Male,2018/11/09,4353.92
197,abraams5g@craigslist.org,Ad,Braams,Genderfluid,2018/10/13,1501.21
198,wrogerot5h@army.mil,Wandie,Rogerot,Genderfluid,2019/05/09,7627.93
199,mcornford5i@reference.com,Manda,Cornford,Genderqueer,2019/04/06,8380.45
200,dhabden5j@theguardian.com,Danna,Habden,Genderqueer,2020/05/11,3922.08
201,lchapiro5k@berkeley.edu,Leonore,Chapiro,Male,2020/01/02,5488.13
202,lmcgeachey5l@cam.ac.uk,Libbi,McGeachey,Polygender,2019/01/01,6182.49
203,krotchell5m@homestead.com,Kelley,Rotchell,Genderqueer,2019/03/18,2688.01
204,rbirdall5n@wordpress.org,Romonda,Birdall,Bigender,2018/09/08,1204.59
205,ybohl5o@dell.com,Yolande,Bohl,Non-binary,2018/11/02,4997.26
206,lfer5p@who.int,Leoine,Fer,Male,2018/05/12,1099.36
207,slayborn5q@google.it,Saloma,Layborn,Bigender,2019/04/27,4247.09
208,rmancktelow5r@hexun.com,Rollie,Mancktelow,Polygender,2020/03/07,7470.37
209,sblakeman5s@google.ca,Sofia,Blakeman,Polygender,2021/04/24,7352.37
210,cmaryet5t@hatena.ne.jp,Cindelyn,Maryet,Genderfluid,2020/12/07,3491.19
211,dcourtman5u@nymag.com,Drusy,Courtman,Bigender,2018/12/26,9595.09
212,mshaw5v@spiegel.de,Margeaux,Shaw,Genderqueer,2018/12/04,911.6
213,tgleadhall5w@e-recht24.de,Tuckie,Gleadhall,Male,2020/02/23,9692.61
214,fartis5x@nationalgeographic.com,Felike,Artis,Male,2020/05/31,2355.34
215,psilliman5y@a8.net,Phil,Silliman,Genderqueer,2021/03/27,3224.0
216,cpassey5z@indiatimes.com,Clayton,Passey,Non-binary,2020/06/21,9548.3
217,jjozaitis60@shinystat.com,Jacinta,Jozaitis,Polygender,2020/06/19,7308.91
218,gwarmisham61@cnn.com,Geoffry,Warmisham,Non-binary,2020/06/07,8741.52
219,oguntrip62@zdnet.com,Ophelie,Guntrip,Bigender,2020/02/27,4847.09
220,glangtry63@jiathis.com,Gilburt,Langtry,Genderfluid,2019/11/16,9255.9
221,hions64@wordpress.com,Hanna,Ions,Female,2019/02/14,6470.64
222,sborgbartolo65@baidu.com,Skippy,Borg-Bartolo,Genderfluid,2021/01/05,5826.86
223,bminards66@51.la,Basia,Minards,Bigender,2018/08/29,8107.78
224,bdrugan67@nasa.gov,Barthel,Drugan,Genderqueer,2021/02/06,8958.16
225,dfeatherstonhalgh68@sakura.ne.jp,Dynah,Featherstonhalgh,Agender,2020/04/12,1535.57
226,bwhittenbury69@sitemeter.com,Beniamino,Whittenbury,Non-binary,2020/10/09,3857.31
227,hlarwood6a@mayoclinic.com,Hulda,Larwood,Polygender,2020/06/26,8312.74
228,jmcgaugey6b@who.int,Jeni,McGaugey,Male,2019/08/20,1540.13
229,treinert6c@mozilla.com,Tristam,Reinert,Bigender,2019/11/07,7256.12
230,wrenard6d@howstuffworks.com,Woody,Renard,Bigender,2020/07/29,9022.31
231,oengelmann6e@tmall.com,Orly,Engelmann,Bigender,2018/06/30,7193.68
232,dlethieulier6f@surveymonkey.com,Danielle,Lethieulier,Bigender,2020/10/21,2814.38
233,beisenberg6g@dagondesign.com,Berget,Eisenberg,Female,2019/08/20,6534.54
234,ssier6h@sitemeter.com,Sam,Sier,Genderqueer,2019/09/19,1055.74
235,bmactague6i@nationalgeographic.com,Berta,MacTague,Female,2020/01/24,1109.11
236,ggrabeham6j@techcrunch.com,Gratiana,Grabeham,Bigender,2020/01/11,8640.34
237,plavrick6k@joomla.org,Perry,Lavrick,Polygender,2019/04/01,2783.91
238,kmullenger6l@oakley.com,Kile,Mullenger,Polygender,2018/07/17,4482.45
239,kkonertz6m@opensource.org,Kirk,Konertz,Polygender,2019/09/28,1926.1
240,llevitt6n@tripadvisor.com,Lorrayne,Levitt,Genderqueer,2020/04/26,32.44
241,dbranwhite6o@hao123.com,Daron,Branwhite,Agender,2019/08/11,2500.5
242,oburger6p@paypal.com,Obidiah,Burger,Agender,2019/07/19,3076.2
243,thastin6q@zimbio.com,Toddie,Hastin,Bigender,2018/07/07,2557.65
244,hgrabbam6r@irs.gov,Hilario,Grabbam,Polygender,2020/06/08,5134.19
245,tmarkus6s@wufoo.com,Tomi,Markus,Polygender,2020/04/22,4632.58
246,spollastrone6t@naver.com,Scotti,Pollastrone,Polygender,2018/07/16,739.06
247,abelch6u@unc.edu,Adan,Belch,Agender,2018/11/06,9984.08
248,mogeaney6v@google.cn,Magda,O'Geaney,Non-binary,2020/08/17,4995.22
249,apeto6w@blogspot.com,Aylmar,Peto,Genderfluid,2021/04/16,4203.47
250,apodd6x@reverbnation.com,Adena,Podd,Male,2020/03/28,5225.91
251,owelband6y@cdbaby.com,Odelle,Welband,Female,2020/01/21,7630.14
252,rphillins6z@youtu.be,Rolland,Phillins,Female,2018/12/29,8706.44
253,mlanders70@illinois.edu,Merrill,Landers,Genderqueer,2018/05/31,5356.02
254,bmarsh71@delicious.com,Bram,Marsh,Non-binary,2021/04/03,2606.61
255,jworthy72@webs.com,Jarib,Worthy,Agender,2018/08/16,8120.65
256,mswatridge73@php.net,Meryl,Swatridge,Genderfluid,2020/08/27,6584.17
257,lclemmensen74@merriam-webster.com,Lil,Clemmensen,Bigender,2020/07/16,1119.6
258,dtripp75@earthlink.net,Deeanne,Tripp,Female,2019/12/31,6570.58
259,fkitchinghan76@51.la,Florella,Kitchinghan,Genderqueer,2020/06/23,4667.68
260,jfernie77@businessweek.com,Joela,Fernie,Bigender,2020/10/29,6061.96
261,gmaffiotti78@sun.com,Garv,Maffiotti,Genderfluid,2020/09/22,1192.08
262,crasch79@irs.gov,Chris,Rasch,Genderqueer,2021/02/26,2762.1
263,corton7a@g.co,Carson,Orton,Polygender,2018/12/01,6687.04
264,hreyburn7b@yandex.ru,Hollyanne,Reyburn,Female,2021/01/27,5087.82
265,nclohissy7c@123-reg.co.uk,Ninnette,Clohissy,Non-binary,2018/10/13,6122.24
266,escandred7d@sciencedaily.com,Earle,Scandred,Non-binary,2019/11/06,2529.2
267,pgemlbett7e@shutterfly.com,Philippe,Gemlbett,Genderqueer,2020/06/02,347.88
268,yburford7f@nymag.com,Yvon,Burford,Agender,2018/05/11,8744.29
269,joliva7g@reference.com,Justine,Oliva,Genderfluid,2018/07/08,1291.02
270,lroelvink7h@alexa.com,Lydon,Roelvink,Female,2018/08/06,7330.01
271,elitel7i@army.mil,Erin,Litel,Non-binary,2018/10/28,4348.47
272,ndeinhardt7j@examiner.com,Neddie,Deinhardt,Non-binary,2020/11/01,4695.0
273,hstedman7k@businessinsider.com,Hadley,Stedman,Polygender,2021/01/30,5821.71
274,estanistrete7l@weebly.com,Esteban,Stanistrete,Female,2020/04/16,3930.69
275,tduckels7m@narod.ru,Trudi,Duckels,Genderfluid,2020/09/21,5271.88
276,sbleasby7n@walmart.com,Seka,Bleasby,Genderqueer,2020/08/19,3542.03
277,gcharity7o@shutterfly.com,Gwynne,Charity,Non-binary,2019/02/19,6734.23
278,dclapham7p@gmpg.org,Dierdre,Clapham,Female,2020/07/16,9951.08
279,flohoar7q@loc.gov,Fernanda,Lohoar,Non-binary,2020/02/11,3835.72
280,deixenberger7r@tripadvisor.com,Daffy,Eixenberger,Female,2019/04/01,1046.97
281,lmedcalfe7s@nytimes.com,Lincoln,Medcalfe,Polygender,2018/12/20,1290.02
282,bscates7t@lulu.com,Bernadina,Scates,Genderqueer,2020/04/23,2600.41
283,jhorwell7u@answers.com,Judy,Horwell,Non-binary,2019/06/22,7913.95
284,skimble7v@ehow.com,Sigismund,Kimble,Agender,2020/11/09,7231.43
285,gguyers7w@etsy.com,Guglielmo,Guyers,Genderfluid,2020/04/03,1907.79
286,rshevlin7x@storify.com,Rosina,Shevlin,Genderfluid,2020/03/26,8303.81
287,vrearden7y@unc.edu,Vivyanne,Rearden,Genderqueer,2020/12/25,5188.87
288,dcapewell7z@purevolume.com,Dunstan,Capewell,Male,2020/10/01,4760.07
289,dgourlie80@washington.edu,Dyanne,Gourlie,Male,2019/11/20,893.72
290,acohr81@constantcontact.com,Arnold,Cohr,Male,2020/04/04,8504.78
291,rmellmer82@cbc.ca,Romeo,Mellmer,Female,2020/03/19,2600.12
292,bcovino83@hibu.com,Billie,covino,Non-binary,2021/01/19,172.69
293,fsquirrell84@noaa.gov,Ford,Squirrell,Genderqueer,2021/03/22,8282.0
294,dlawille85@timesonline.co.uk,Deb,La Wille,Agender,2019/06/29,5146.07
295,mubsdall86@seesaa.net,Marlow,Ubsdall,Genderqueer,2021/02/19,3929.51
296,vvasyutichev87@microsoft.com,Viviene,Vasyutichev,Polygender,2018/09/01,3625.96
297,sbootman88@networkadvertising.org,Sabrina,Bootman,Genderfluid,2019/03/01,5113.15
298,sgoodhand89@hp.com,Sidonia,Goodhand,Genderfluid,2020/07/22,9647.02
299,ccobon8a@bloglines.com,Cristal,Cobon,Polygender,2018/10/13,8691.34
300,flomen8b@yelp.com,Florance,Lomen,Bigender,2019/07/17,7933.52
301,aarson8c@51.la,Albert,Arson,Non-binary,2020/12/08,9609.9
302,teaglen8d@networkadvertising.org,Timoteo,Eaglen,Polygender,2018/10/26,2573.7
303,fsomner8e@china.com.cn,Farrel,Somner,Female,2019/06/25,4118.78
304,clatan8f@tumblr.com,Cullan,Latan,Non-binary,2020/05/09,3250.63
305,slight8g@tripadvisor.com,Sterling,Light,Genderqueer,2019/01/11,7403.8
306,cclaybourne8h@usgs.gov,Charline,Claybourne,Genderfluid,2021/01/23,8084.87
307,nmacgraith8i@foxnews.com,Noah,MacGraith,Agender,2021/01/03,433.54
308,slortzing8j@list-manage.com,Saxe,Lortzing,Male,2018/11/22,9088.75
309,geast8k@ning.com,Gina,East,Polygender,2019/09/06,4084.58
310,waurelius8l@dropbox.com,Willetta,Aurelius,Genderqueer,2020/11/29,1698.34
311,swhiteland8m@nature.com,Shellysheldon,Whiteland,Polygender,2018/09/02,3011.76
312,rbulbeck8n@discovery.com,Rania,Bulbeck,Agender,2020/12/05,3505.22
313,mcarlin8o@bbc.co.uk,Mayor,Carlin,Bigender,2019/07/11,5525.53
314,tbazell8p@sfgate.com,Toddie,Bazell,Agender,2019/11/01,1752.88
315,fkenninghan8q@oracle.com,Fawnia,Kenninghan,Polygender,2019/09/29,272.3
316,npeye8r@people.com.cn,Nikki,Peye,Genderqueer,2019/08/21,5800.46
317,erichley8s@umich.edu,Elisa,Richley,Agender,2021/04/06,7161.17
318,rodd8t@timesonline.co.uk,Rudolfo,Odd,Bigender,2021/02/06,3693.6
319,tjeger8u@ebay.com,Tamar,Jeger,Non-binary,2019/01/01,7426.49
320,bhamlin8v@pen.io,Barnabas,Hamlin,Female,2020/09/09,1817.81
321,dphilipeaux8w@wikimedia.org,Dom,Philipeaux,Female,2018/07/31,1754.25
322,eheinke8x@g.co,Emmett,Heinke,Male,2020/01/17,1908.07
323,gbarr8y@blinklist.com,Gerome,Barr,Genderfluid,2020/09/17,1869.08
324,elorryman8z@multiply.com,Emory,Lorryman,Polygender,2021/01/10,9731.01
325,tpawelec90@barnesandnoble.com,Terrill,Pawelec,Polygender,2020/08/30,7327.1
326,xelkins91@indiegogo.com,Xenos,Elkins,Male,2018/10/28,4061.73
327,treaman92@redcross.org,Tonie,Reaman,Polygender,2020/01/10,3525.6
328,cstaden93@ezinearticles.com,Cherrita,Staden,Non-binary,2019/01/13,9988.29
329,epietzke94@barnesandnoble.com,Ethe,Pietzke,Male,2019/01/06,3175.36
330,kriha95@businessweek.com,Kelvin,Riha,Non-binary,2019/01/17,7512.24
331,emotte96@yelp.com,Eleanore,Motte,Female,2021/04/12,4521.18
332,aprescott97@last.fm,Aluin,Prescott,Agender,2020/10/22,7845.07
333,rpoppy98@devhub.com,Rossie,Poppy,Bigender,2019/12/20,348.87
334,lblowne99@issuu.com,Lu,Blowne,Genderfluid,2021/03/01,6649.02
335,ohigounet9a@accuweather.com,Osgood,Higounet,Agender,2019/03/10,2588.18
336,jchristauffour9b@wikispaces.com,Jody,Christauffour,Male,2019/05/27,5494.76
337,cchampney9c@auda.org.au,Caldwell,Champney,Polygender,2018/12/18,3753.46
338,acallear9d@twitpic.com,Allie,Callear,Female,2020/11/18,228.7
339,dacosta9e@microsoft.com,Devon,Acosta,Male,2021/04/13,3017.31
340,zsmith9f@woothemes.com,Zarla,Smith,Male,2020/10/09,304.81
341,sphilpault9g@boston.com,Sophi,Philpault,Polygender,2018/05/11,1725.57
342,gbootyman9h@gmpg.org,Gay,Bootyman,Genderfluid,2019/06/23,8065.09
343,paylett9i@drupal.org,Phedra,Aylett,Male,2019/07/19,6879.44
344,rearp9j@artisteer.com,Reine,Earp,Female,2019/02/06,3974.04
345,jmuttitt9k@biglobe.ne.jp,Janice,Muttitt,Genderfluid,2020/10/26,157.0
346,lbearne9l@ovh.net,Lindy,Bearne,Non-binary,2018/11/29,8803.97
347,fsenussi9m@loc.gov,Fielding,Senussi,Non-binary,2020/05/14,7586.93
348,jpickhaver9n@themeforest.net,Jethro,Pickhaver,Genderfluid,2018/06/30,1221.62
349,fmeredyth9o@simplemachines.org,Florenza,Meredyth,Polygender,2020/10/24,9347.2
350,bmclemon9p@fastcompany.com,Bernadina,McLemon,Male,2021/03/10,5311.93
351,oeasterling9q@freewebs.com,Oona,Easterling,Non-binary,2019/01/25,4152.83
352,scoppins9r@china.com.cn,Shandy,Coppins,Polygender,2018/07/16,4633.1
353,aeingerfield9s@epa.gov,Arleyne,Eingerfield,Female,2019/02/02,9017.99
354,rdunsford9t@mtv.com,Ronica,Dunsford,Non-binary,2020/01/24,6187.24
355,icluney9u@parallels.com,Izzy,Cluney,Polygender,2019/05/27,2073.8
356,vrosario9v@diigo.com,Venita,Rosario,Male,2018/07/24,3449.98
357,adeye9w@stanford.edu,Alayne,d' Eye,Genderfluid,2018/10/21,4141.06
358,mrubenov9x@sun.com,Milli,Rubenov,Polygender,2019/05/04,1124.93
359,sdupre9y@webnode.com,Shepard,Du Pre,Male,2020/08/25,2057.85
360,mmence9z@stanford.edu,Mord,Mence,Female,2020/11/12,6293.68
361,dboatwrighta0@stanford.edu,Daphna,Boatwright,Genderfluid,2018/08/14,542.27
362,bjoea1@issuu.com,Bernetta,Joe,Male,2019/07/01,8526.03
363,kmuzzalla2@nba.com,Kylie,Muzzall,Polygender,2019/09/06,2904.85
364,ndoggetta3@google.co.uk,Ninon,Doggett,Polygender,2018/12/06,9715.66
365,apyburna4@un.org,Arlin,Pyburn,Agender,2020/12/05,9797.85
366,cjiggensa5@wiley.com,Cristie,Jiggens,Bigender,2020/05/09,6797.07
367,abrunstana6@usnews.com,Adham,Brunstan,Male,2018/08/07,5683.94
368,rsteptowa7@behance.net,Ronald,Steptow,Polygender,2020/01/04,4641.55
369,jcutressa8@latimes.com,Josy,Cutress,Genderqueer,2020/10/11,5129.93
370,wwildmana9@va.gov,Wolfgang,Wildman,Genderfluid,2018/07/31,5459.81
371,wbignalaa@ustream.tv,Wally,Bignal,Genderfluid,2018/09/12,425.9
372,jfaltinab@columbia.edu,Jerrilee,Faltin,Bigender,2019/03/31,9190.71
373,apolinac@woothemes.com,Alane,Polin,Genderfluid,2018/05/07,6167.21
374,tgilbridead@ucoz.ru,Tobie,Gilbride,Genderfluid,2020/11/19,3496.33
375,mpickburnae@rakuten.co.jp,Myron,Pickburn,Male,2019/07/29,7093.94
376,fabramovicaf@exblog.jp,Frants,Abramovic,Non-binary,2019/12/09,9048.35
377,tmurricanesag@gnu.org,Tammi,Murricanes,Genderqueer,2020/10/18,6155.58
378,nnortonah@unc.edu,Neile,Norton,Genderqueer,2020/05/03,6127.66
379,swigfieldai@europa.eu,Stevie,Wigfield,Bigender,2019/04/26,7417.34
380,selmesaj@loc.gov,Steffie,Elmes,Male,2020/06/01,1138.83
381,jalekseicikak@aboutads.info,Jed,Alekseicik,Female,2021/02/14,9131.6
382,amcjerrowal@example.com,Ashley,McJerrow,Female,2019/04/05,8497.1
383,aphelipeauam@paypal.com,Ange,Phelipeau,Non-binary,2019/06/06,9445.45
384,donealan@bandcamp.com,Debbi,O'Neal,Polygender,2020/04/28,5239.09
385,mboigao@hatena.ne.jp,Maria,Boig,Genderqueer,2019/02/19,2594.27
386,jnajaraap@howstuffworks.com,Joni,Najara,Polygender,2018/12/15,1952.72
387,imurrhardtaq@merriam-webster.com,Ingunna,Murrhardt,Polygender,2021/03/06,7359.17
388,caringtonar@bbb.org,Chrissie,Arington,Agender,2019/12/28,1818.91
389,pgarfootas@ucsd.edu,Philip,Garfoot,Male,2020/12/21,6969.14
390,tcloyat@howstuffworks.com,Tanhya,Cloy,Male,2018/11/02,8758.37
391,adunphyau@pagesperso-orange.fr,Alethea,Dunphy,Bigender,2021/04/24,8485.64
392,npenniallav@disqus.com,Nils,Penniall,Polygender,2021/04/24,3195.23
393,ahazzardaw@alibaba.com,Adda,Hazzard,Bigender,2019/11/11,8046.03
394,dgirdwoodax@creativecommons.org,Dorie,Girdwood,Genderfluid,2020/11/05,1922.5
395,mtireay@icio.us,Marshal,Tire,Genderqueer,2021/04/16,4549.76
396,mmckinneyaz@guardian.co.uk,Mariel,McKinney,Non-binary,2018/08/28,1141.15
397,fglashbyb0@adobe.com,Fay,Glashby,Agender,2019/06/18,7069.63
398,laronb1@cpanel.net,Lorant,Aron,Non-binary,2018/07/16,5804.38
399,rhugeninb2@scientificamerican.com,Robinson,Hugenin,Agender,2020/09/23,3490.7
400,vsimenotb3@google.cn,Vidovik,Simenot,Genderfluid,2019/05/04,7913.84
401,hpechacekb4@chicagotribune.com,Hugibert,Pechacek,Genderfluid,2020/11/28,6966.1
402,malwinb5@alibaba.com,Merry,Alwin,Polygender,2019/03/24,2243.05
403,adrayeb6@networksolutions.com,Alexandra,Draye,Genderfluid,2019/03/28,7249.65
404,ccastanerb7@wp.com,Cherrita,Castaner,Non-binary,2019/01/20,6888.78
405,kmanueaub8@wiley.com,Keven,Manueau,Genderqueer,2020/04/12,4863.34
406,rbrommageb9@mit.edu,Rafaello,Brommage,Polygender,2021/02/06,903.12
407,estoadeba@flickr.com,Erin,Stoade,Non-binary,2019/03/14,639.25
408,kbraybb@mysql.com,Kaja,Bray,Genderfluid,2018/09/14,4051.77
409,daronsbc@marketwatch.com,Davina,Arons,Non-binary,2019/03/10,4290.93
410,lhansillbd@mapquest.com,Luelle,Hansill,Non-binary,2021/04/01,9683.49
411,psugarmanbe@newsvine.com,Paulie,Sugarman,Female,2019/11/02,4636.24
412,mtourmellbf@scientificamerican.com,Michale,Tourmell,Polygender,2019/08/18,8024.56
413,cstickellsbg@ow.ly,Cosme,Stickells,Male,2020/11/14,64.03
414,cbleddonbh@eventbrite.com,Carma,Bleddon,Agender,2019/06/24,4181.09
415,sbeafordbi@pcworld.com,Sanders,Beaford,Genderfluid,2020/03/08,7881.58
416,rdowrybj@nifty.com,Regan,Dowry,Polygender,2020/01/27,732.71
417,mwinwardbk@soup.io,Marget,Winward,Bigender,2020/12/14,7029.56
418,dzanettobl@buzzfeed.com,Derron,Zanetto,Genderqueer,2021/03/06,8751.68
419,ylimprichtbm@buzzfeed.com,Yorke,Limpricht,Agender,2020/06/03,7188.85
420,jdavydzenkobn@diigo.com,Josefa,Davydzenko,Female,2018/05/26,4524.98
421,jfliegbo@microsoft.com,Joana,Flieg,Polygender,2019/04/30,3050.68
422,vboswoodbp@symantec.com,Vernon,Boswood,Genderqueer,2019/10/15,4267.51
423,jolehanebq@washingtonpost.com,Jeramie,O'Lehane,Male,2019/05/11,2689.62
424,tbrydonbr@flickr.com,Tamas,Brydon,Genderqueer,2019/12/29,3047.3
425,lfurbybs@naver.com,Leupold,Furby,Non-binary,2018/10/27,8542.53
426,ecrakebt@theglobeandmail.com,Eulalie,Crake,Genderqueer,2018/05/20,5060.7
427,jcappelbu@bizjournals.com,Josephina,Cappel,Non-binary,2021/02/06,8312.11
428,dpendallbv@google.co.uk,Dorise,Pendall,Female,2020/01/09,966.01
429,paltoftsbw@cbslocal.com,Pamela,Altofts,Genderfluid,2020/01/27,952.36
430,wrishworthbx@behance.net,Wally,Rishworth,Non-binary,2018/09/07,3537.95
431,mnasseyby@chronoengine.com,Marlo,Nassey,Genderfluid,2020/11/25,1188.84
432,mchomiszewskibz@unblog.fr,Munmro,Chomiszewski,Genderqueer,2020/05/11,4509.21
433,dbootlandc0@soundcloud.com,Denis,Bootland,Male,2020/11/18,5698.56
434,studgec1@parallels.com,Swen,Tudge,Genderfluid,2018/10/16,529.86
435,mpilgramc2@economist.com,Maryann,Pilgram,Bigender,2019/11/03,5974.65
436,dpeppardc3@sina.com.cn,Dunc,Peppard,Genderfluid,2018/06/05,4367.53
437,lratiec4@epa.gov,Lethia,Ratie,Male,2020/12/02,6204.4
438,kasselc5@desdev.cn,Krysta,Assel,Polygender,2019/10/17,8565.13
439,khartgillc6@wikipedia.org,Kean,Hartgill,Genderqueer,2019/12/18,1171.2
440,sgrenshieldsc7@statcounter.com,Sanderson,Grenshields,Agender,2019/04/27,4575.17
441,fdinegesc8@comsenz.com,Fredelia,Dineges,Genderqueer,2019/03/04,5744.4
442,pfesslerc9@tiny.cc,Pavia,Fessler,Male,2019/11/15,7469.32
443,pcauleyca@netscape.com,Paola,Cauley,Genderfluid,2018/06/27,4513.12
444,vfenwickcb@shop-pro.jp,Venita,Fenwick,Genderfluid,2020/02/26,2967.63
445,pmalthuscc@independent.co.uk,Paulette,Malthus,Male,2021/03/01,2949.82
446,tgarlingcd@fc2.com,Tannie,Garling,Male,2019/12/07,8509.08
447,bpryorce@time.com,Brena,Pryor,Genderqueer,2020/08/23,7394.29
448,lleiboldcf@mapy.cz,Linn,Leibold,Bigender,2018/10/28,3796.92
449,lfonescg@51.la,Lillis,Fones,Genderfluid,2018/06/30,3285.64
450,vcootech@marketwatch.com,Virginia,Coote,Agender,2019/07/28,912.53
451,rperrymanci@is.gd,Ryun,Perryman,Agender,2019/03/13,9301.33
452,atackellcj@canalblog.com,Abba,Tackell,Polygender,2019/09/21,4813.45
453,igoranovck@walmart.com,Irma,Goranov,Bigender,2019/09/12,5417.52
454,rleckenbycl@reddit.com,Rowland,Leckenby,Genderqueer,2021/03/14,1610.97
455,dbrodeurcm@merriam-webster.com,Devan,Brodeur,Genderqueer,2020/08/22,4423.53
456,vabbiscn@histats.com,Vladamir,Abbis,Bigender,2019/04/12,2333.56
457,hrodgierco@unblog.fr,Huey,Rodgier,Male,2020/05/01,3254.55
458,mspencockcp@unesco.org,Maryanne,Spencock,Male,2018/10/07,3946.88
459,rbelsoncq@who.int,Rhona,Belson,Non-binary,2019/10/09,5203.02
460,dhousemancr@indiegogo.com,Donnamarie,Houseman,Genderqueer,2019/07/20,8782.12
461,mkeohanecs@tinypic.com,Minna,Keohane,Non-binary,2019/07/29,3890.74
462,grubenczykct@craigslist.org,Gwenore,Rubenczyk,Female,2019/09/10,1677.73
463,atomaszkiewiczcu@aboutads.info,Adolpho,Tomaszkiewicz,Male,2020/02/10,4225.03
464,jdubiquecv@slideshare.net,Joline,Dubique,Genderfluid,2019/10/22,4443.76
465,killescw@behance.net,Karlik,Illes,Polygender,2019/03/20,9011.52
466,tmorrittcx@mit.edu,Thia,Morritt,Polygender,2021/01/17,5276.4
467,aidelcy@berkeley.edu,Alexandr,Idel,Genderqueer,2019/07/09,424.71
468,crubinekcz@prlog.org,Cobbie,Rubinek,Bigender,2019/02/14,8935.27
469,abernardezd0@liveinternet.ru,Anne-marie,Bernardez,Non-binary,2020/07/05,1077.87
470,dchestersd1@drupal.org,Dore,Chesters,Polygender,2020/02/06,9070.72
471,hcaneyd2@army.mil,Harald,Caney,Polygender,2020/07/24,239.21
472,fwipflerd3@theglobeandmail.com,Farleigh,Wipfler,Bigender,2019/04/09,2147.26
473,kpomeroyd4@techcrunch.com,Konrad,Pomeroy,Female,2020/01/26,7538.07
474,shullotd5@networkadvertising.org,Say,Hullot,Male,2021/01/10,3652.71
475,ehusbandd6@bbc.co.uk,Eben,Husband,Genderfluid,2018/12/31,5796.74
476,gwharramd7@census.gov,Ginnifer,Wharram,Non-binary,2021/03/09,8932.02
477,candryushind8@ihg.com,Clarine,Andryushin,Genderqueer,2018/09/15,5885.18
478,pplampind9@theguardian.com,Pepita,Plampin,Female,2019/03/26,1252.42
479,rmacsweeneyda@techcrunch.com,Roi,MacSweeney,Female,2020/06/22,3160.11
480,jpleadendb@ustream.tv,Joseph,Pleaden,Genderfluid,2019/10/18,9736.17
481,ghallexdc@cnn.com,Gonzales,Hallex,Polygender,2020/04/26,3856.92
482,braynesdd@guardian.co.uk,Beatrix,Raynes,Agender,2018/06/15,1799.16
483,qblankode@geocities.com,Quintina,Blanko,Bigender,2020/11/12,1278.46
484,bphilotdf@printfriendly.com,Brocky,Philot,Bigender,2019/07/01,5416.8
485,jfrostdickedg@cargocollective.com,Jeni,Frostdicke,Polygender,2020/07/08,3396.6
486,eguillondh@army.mil,Elias,Guillon,Male,2018/06/20,3347.99
487,ilabrowdi@rakuten.co.jp,Ignacius,Labrow,Bigender,2019/04/19,7467.7
488,gmaudlindj@networkadvertising.org,Galvan,Maudlin,Male,2019/08/04,7790.12
489,lbosketdk@tuttocitta.it,Leonhard,Bosket,Male,2019/10/16,4037.03
490,jmacknockiterdl@meetup.com,Juli,MacKnockiter,Polygender,2020/05/21,879.72
491,bclemmettdm@fastcompany.com,Babette,Clemmett,Polygender,2018/05/15,2690.0
492,lseabrookedn@hostgator.com,Lothario,Seabrooke,Bigender,2020/02/02,5352.58
493,dgarmonsdo@privacy.gov.au,Dionysus,Garmons,Bigender,2019/04/18,1442.01
494,lrhysdp@sohu.com,Leelah,Rhys,Polygender,2020/12/11,2977.71
495,mrudgleydq@meetup.com,Moe,Rudgley,Bigender,2020/02/29,6567.39
496,smidlanedr@oakley.com,Sharity,Midlane,Female,2018/07/21,6785.76
497,kcardoods@howstuffworks.com,Kayley,Cardoo,Bigender,2018/08/18,1126.59
498,ubromilowdt@baidu.com,Ulrike,Bromilow,Genderfluid,2021/04/19,9953.41
499,stiedu@facebook.com,Salmon,Tie,Non-binary,2021/04/10,7241.89
500,bsommervilledv@scientificamerican.com,Brenn,Sommerville,Genderqueer,2020/08/22,2123.3
501,lbaldockdw@ow.ly,Loise,Baldock,Male,2019/12/31,4506.03
502,vferrandx@hubpages.com,Valerie,Ferran,Female,2021/03/17,1642.3
503,rdomaschkedy@printfriendly.com,Rodrick,Domaschke,Female,2020/03/12,1897.25
504,ckeppdz@ovh.net,Carma,Kepp,Male,2020/12/02,1230.74
505,irennoldse0@webeden.co.uk,Ivy,Rennolds,Agender,2020/08/27,8133.57
506,ctomae1@paypal.com,Carita,Toma,Genderfluid,2019/03/15,4708.77
507,rbraamse2@github.com,Ricky,Braams,Genderqueer,2020/03/05,1773.16
508,acoraine3@opensource.org,Annabell,Corain,Female,2019/01/03,6171.89
509,lwinwarde4@feedburner.com,Leoline,Winward,Male,2018/07/22,3084.53
510,egablee5@blogger.com,Emmye,Gable,Bigender,2020/01/14,946.98
511,ebrandine6@paginegialle.it,El,Brandin,Male,2020/02/11,5263.77
512,beldritte7@fc2.com,Borden,Eldritt,Non-binary,2018/10/29,602.95
513,tetchinghame8@arstechnica.com,Trenna,Etchingham,Genderfluid,2021/01/27,5081.1
514,tperrygoe9@redcross.org,Tomasina,Perrygo,Male,2019/09/03,8716.55
515,seasbyea@miitbeian.gov.cn,Sterling,Easby,Agender,2018/08/04,539.6
516,afairleyeb@nifty.com,Alisha,Fairley,Genderqueer,2018/06/13,7368.69
517,tferrillioec@ed.gov,Tobye,Ferrillio,Genderqueer,2019/01/11,7735.79
518,ocrinioned@behance.net,Opalina,Crinion,Agender,2019/02/21,3193.65
519,lroiznee@google.co.uk,Leann,Roizn,Female,2020/02/12,9276.32
520,aspontonef@surveymonkey.com,Arleta,Sponton,Female,2020/05/09,2340.84
521,rferrelieg@alibaba.com,Robena,Ferreli,Female,2018/06/04,1899.74
522,lwilleyeh@foxnews.com,Latashia,Willey,Genderfluid,2021/01/24,5221.59
523,rarnauducei@freewebs.com,Reinaldos,Arnauduc,Genderfluid,2019/08/28,5206.79
524,atunsleyej@latimes.com,Andriana,Tunsley,Female,2019/11/18,5054.2
525,rgullickek@ezinearticles.com,Rafferty,Gullick,Genderqueer,2020/10/04,9815.42
526,dmatushevichel@imdb.com,Dasi,Matushevich,Polygender,2021/01/01,1828.99
527,vwakelingem@unblog.fr,Velma,Wakeling,Genderqueer,2019/02/27,5175.79
528,ccharonen@deliciousdays.com,Cordie,Charon,Polygender,2019/09/18,1755.98
529,pdanilyukeo@illinois.edu,Phip,Danilyuk,Genderqueer,2019/09/25,6769.64
530,vanderssonep@ustream.tv,Vail,Andersson,Polygender,2021/02/07,8940.31
531,wouchterlonyeq@elpais.com,Walther,Ouchterlony,Male,2020/08/26,3058.55
532,apauller@vkontakte.ru,Amalie,Paull,Polygender,2020/07/30,4066.65
533,xthurbyes@google.fr,Ximenez,Thurby,Bigender,2019/09/06,7915.97
534,ayakubovet@ask.com,Aindrea,Yakubov,Genderfluid,2019/12/28,2997.35
535,rdigiorgioeu@paginegialle.it,Reggie,Di Giorgio,Genderqueer,2021/01/01,8201.83
536,mravensev@fastcompany.com,Madison,Ravens,Non-binary,2020/09/01,6169.96
537,rszymonew@whitehouse.gov,Randi,Szymon,Genderfluid,2019/10/19,1369.82
538,mdelionex@arizona.edu,Martainn,Delion,Male,2018/09/05,936.27
539,rpennoniey@stanford.edu,Ronni,Pennoni,Female,2019/11/13,8514.62
540,kaddsez@apache.org,Katharina,Adds,Agender,2020/02/08,2258.47
541,dlaverenzf0@ucla.edu,Dan,Laverenz,Genderfluid,2018/12/08,5846.86
542,haspolef1@cloudflare.com,Hally,Aspole,Female,2019/10/22,6967.02
543,kwoodwingf2@linkedin.com,Kevina,Woodwing,Agender,2020/09/19,9666.34
544,owizf3@bbc.co.uk,Oralle,Wiz,Agender,2021/02/25,5253.25
545,estrathmanf4@163.com,Eddie,Strathman,Genderqueer,2019/11/26,9264.01
546,wdehnf5@wordpress.com,Wiley,Dehn,Polygender,2018/08/24,5910.36
547,nmcterlaghf6@ibm.com,Natka,McTerlagh,Male,2021/02/15,1750.85
548,cmerigonf7@issuu.com,Candide,Merigon,Polygender,2019/10/13,209.7
549,ngoodlifef8@homestead.com,Nap,Goodlife,Genderqueer,2019/08/20,2685.52
550,cgazzardf9@youtu.be,Cam,Gazzard,Male,2019/11/06,1095.26
551,gmelsonfa@skype.com,Gwenette,Melson,Genderfluid,2020/09/19,4665.98
552,pbudnkfb@w3.org,Pearle,Budnk,Non-binary,2019/03/05,1417.7
553,jpovelefc@wufoo.com,Jennee,Povele,Agender,2018/08/13,3103.7
554,ebaggefd@noaa.gov,Eleonora,Bagge,Polygender,2018/10/31,5775.18
555,dbrenstonfe@goodreads.com,Diahann,Brenston,Genderqueer,2019/09/14,6406.42
556,caldersff@yahoo.com,Cobb,Alders,Female,2019/11/28,935.22
557,plightowlerfg@usatoday.com,Petr,Lightowler,Non-binary,2020/01/11,9899.23
558,oagostinifh@discovery.com,Orelle,Agostini,Genderfluid,2020/01/11,7873.52
559,icainfi@buzzfeed.com,Ivy,Cain,Agender,2020/11/05,8879.3
560,dfeldhornfj@tamu.edu,Donal,Feldhorn,Genderfluid,2020/04/06,9765.58
561,mlyardfk@plala.or.jp,Mathe,Lyard,Polygender,2019/05/23,9101.88
562,wwatkissfl@reverbnation.com,Wainwright,Watkiss,Non-binary,2018/07/16,7770.63
563,gmcgrottyfm@ftc.gov,Gregorio,McGrotty,Genderfluid,2020/11/18,1053.65
564,nshalloofn@topsy.com,Nanni,Shalloo,Polygender,2021/03/02,938.82
565,mchellamfo@abc.net.au,Marcy,Chellam,Genderqueer,2018/07/05,4419.54
566,mhedaufp@squidoo.com,Melva,Hedau,Female,2021/01/24,8463.08
567,bdemseyfq@topsy.com,Beltran,Demsey,Polygender,2018/12/31,9344.02
568,vskamalfr@storify.com,Virginia,Skamal,Non-binary,2020/04/25,8745.17
569,ogonsalvofs@wikispaces.com,Ogdon,Gonsalvo,Agender,2020/05/30,2411.76
570,scrayft@google.com.au,Sky,Cray,Agender,2019/04/07,6770.62
571,askainfu@xrea.com,Ardis,Skain,Genderqueer,2021/01/02,6780.85
572,cmillwallfv@google.com.hk,Culley,Millwall,Polygender,2018/05/28,5721.68
573,cminchindonfw@yale.edu,Cordi,Minchindon,Non-binary,2020/03/15,7357.67
574,fmathonnetfx@mashable.com,Finlay,Mathonnet,Bigender,2019/07/27,1428.11
575,sbillisonfy@smugmug.com,Shoshana,Billison,Genderqueer,2018/10/26,6308.83
576,fdowyerfz@ibm.com,Faye,Dowyer,Bigender,2018/08/28,5141.81
577,ascrubyg0@who.int,Ashbey,Scruby,Non-binary,2020/06/02,8614.55
578,vcantwellg1@epa.gov,Vita,Cantwell,Non-binary,2019/06/01,5126.51
579,cfrankomg2@artisteer.com,Curtice,Frankom,Genderqueer,2021/02/11,7574.62
580,cbruntong3@github.io,Corbet,Brunton,Non-binary,2019/07/06,4262.49
581,ttongsg4@ucoz.com,Toby,Tongs,Genderqueer,2020/01/10,649.95
582,ftrenfieldg5@nature.com,Fedora,Trenfield,Bigender,2019/02/13,9087.59
583,cpahlerg6@booking.com,Cairistiona,Pahler,Male,2020/01/23,7095.47
584,lstyantg7@wikia.com,Lynn,Styant,Male,2021/01/11,6248.58
585,rstiegersg8@slashdot.org,Rex,Stiegers,Bigender,2020/07/19,5047.29
586,ddrinkeldg9@cisco.com,Dennis,Drinkeld,Polygender,2021/02/21,4552.7
587,dtewnionga@topsy.com,Dionysus,Tewnion,Female,2019/07/20,7477.31
588,gbaynomgb@comsenz.com,Georgine,Baynom,Male,2018/06/09,2760.16
589,mcawsygc@stumbleupon.com,Maximilien,Cawsy,Male,2020/07/16,2528.38
590,whalksworthgd@gov.uk,Witty,Halksworth,Non-binary,2021/03/24,9436.5
591,vvedenisovge@buzzfeed.com,Valerye,Vedenisov,Non-binary,2020/12/08,5779.04
592,cstribblinggf@163.com,Claudetta,Stribbling,Female,2019/02/07,5677.54
593,mnaseygg@google.ca,Meris,Nasey,Genderqueer,2019/02/04,6892.44
594,lfairbeardgh@amazon.co.jp,Lelah,Fairbeard,Polygender,2020/11/04,3546.16
595,wbolensgi@fema.gov,Wyatt,Bolens,Male,2020/05/11,9716.07
596,vraitgj@typepad.com,Violette,Rait,Agender,2019/10/07,4172.16
597,nwidocksgk@nih.gov,Niki,Widocks,Bigender,2019/12/21,1815.39
598,fcaurahgl@sakura.ne.jp,Frankie,Caurah,Polygender,2019/12/14,4924.64
599,ccarabetgm@cafepress.com,Charlton,Carabet,Polygender,2019/06/22,4829.82
600,achurchergn@wsj.com,Arliene,Churcher,Genderqueer,2019/12/07,4240.68
601,bguinerygo@reference.com,Brant,Guinery,Genderfluid,2020/09/02,9571.54
602,ophittiplacegp@scribd.com,Oralee,Phittiplace,Genderfluid,2018/12/13,446.08
603,zspeedingq@diigo.com,Zonnya,Speedin,Genderqueer,2018/12/13,354.18
604,ktriggelgr@slashdot.org,Kathy,Triggel,Genderqueer,2019/07/02,6810.09
605,tlongeags@is.gd,Thomasina,Longea,Female,2020/06/10,6663.92
606,pdebrettgt@creativecommons.org,Pen,De Brett,Male,2020/05/17,1411.59
607,edrakesgu@squarespace.com,Elnore,Drakes,Agender,2019/09/03,9850.92
608,rgarrisongv@thetimes.co.uk,Ruby,Garrison,Bigender,2020/03/19,5702.19
609,zalbongw@wikipedia.org,Zola,Albon,Genderqueer,2019/02/27,32.3
610,ldykegx@cbc.ca,Lonna,Dyke,Female,2020/02/15,8077.16
611,gkinsetgy@gmpg.org,Gerrie,Kinset,Polygender,2020/11/28,1868.57
612,tjackegz@edublogs.org,Tiffany,Jacke,Bigender,2020/06/15,1045.2
613,schrispinh0@123-reg.co.uk,Sanderson,Chrispin,Non-binary,2020/06/18,7644.65
614,kheppenspallh1@wordpress.com,Kermit,Heppenspall,Agender,2020/12/14,5332.09
615,jgolleyh2@ftc.gov,Johannah,Golley,Polygender,2020/06/06,8431.33
616,nbartelsh3@wikispaces.com,Natalee,Bartels,Female,2020/02/21,9773.35
617,rsemensh4@nsw.gov.au,Rey,Semens,Polygender,2020/01/20,7840.98
618,twinnisterh5@cornell.edu,Towney,Winnister,Genderqueer,2018/09/13,4454.32
619,emoncreifh6@bloglines.com,Elli,Moncreif,Male,2018/07/26,9504.68
620,lrolfoh7@paginegialle.it,Lemmie,Rolfo,Female,2020/05/26,7501.93
621,fchristopheh8@vinaora.com,Ferd,Christophe,Agender,2018/05/12,4477.72
622,jagneyh9@scribd.com,Joannes,Agney,Bigender,2019/06/23,6983.75
623,hweavillha@artisteer.com,Hollis,Weavill,Agender,2018/11/22,8922.06
624,jfontenothb@google.co.uk,Joline,Fontenot,Polygender,2020/09/17,223.91
625,qboffinhc@de.vu,Querida,Boffin,Polygender,2020/08/02,4868.14
626,nlademannhd@ifeng.com,Nicolas,Lademann,Non-binary,2019/09/13,8041.14
627,lpowderhe@ucsd.edu,Luisa,Powder,Genderfluid,2019/10/25,8308.63
628,sgookhf@163.com,Sibyl,Gook,Genderfluid,2018/08/22,2091.81
629,rberesforehg@quantcast.com,Rich,Beresfore,Non-binary,2019/10/08,9948.53
630,bbeekhh@booking.com,Barb,Beek,Female,2021/04/06,1471.53
631,dsharmahi@apache.org,Donia,Sharma,Genderfluid,2019/01/18,9431.34
632,abrownillhj@artisteer.com,Annabel,Brownill,Agender,2021/01/31,7855.66
633,acrowcherhk@youtu.be,Axe,Crowcher,Male,2020/11/20,8213.3
634,clamkehl@123-reg.co.uk,Corry,Lamke,Male,2020/03/26,5327.07
635,iizonhm@amazonaws.com,Ingrid,Izon,Genderqueer,2021/02/10,6481.23
636,slorenthn@usda.gov,Selle,Lorent,Bigender,2020/10/15,6368.8
637,dpargentho@hc360.com,Darelle,Pargent,Genderqueer,2019/03/01,5714.69
638,dfinlatorhp@desdev.cn,Darda,Finlator,Agender,2019/08/28,9801.92
639,dpedderhq@hc360.com,Darwin,Pedder,Female,2019/06/20,4644.71
640,amcgilroyhr@skyrock.com,Adelice,McGilroy,Genderfluid,2019/02/11,8386.2
641,bmiltonwhitehs@cdbaby.com,Berenice,Milton-White,Bigender,2018/05/28,5400.92
642,ctillmanht@cocolog-nifty.com,Caitlin,Tillman,Genderfluid,2020/01/18,2500.37
643,abrychanhu@php.net,Anthea,Brychan,Agender,2019/10/11,3220.22
644,pcicchinellihv@trellian.com,Packston,Cicchinelli,Male,2021/01/26,2094.85
645,cdrysdalehw@dell.com,Catherina,Drysdale,Female,2020/06/12,1678.52
646,mhanrattyhx@nps.gov,Melisande,Hanratty,Genderqueer,2019/11/14,2014.7
647,mmesnardhy@elegantthemes.com,Maje,Mesnard,Agender,2018/10/11,5632.79
648,kwhitewoodhz@live.com,Kerwin,Whitewood,Male,2021/03/30,4768.0
649,cvictoriai0@google.fr,Celia,Victoria,Agender,2021/03/26,7729.99
650,rkenlini1@timesonline.co.uk,Raffarty,Kenlin,Male,2019/10/17,5924.77
651,ohabloti2@hexun.com,Ogdan,Hablot,Agender,2019/11/03,2929.09
652,gcullipi3@mlb.com,Garey,Cullip,Polygender,2019/09/09,8023.57
653,bpillingeri4@google.cn,Berry,Pillinger,Genderfluid,2018/11/20,3024.6
654,mriefi5@sina.com.cn,Melodie,Rief,Genderqueer,2021/02/14,7098.96
655,abraycottoni6@netlog.com,Archer,Braycotton,Genderqueer,2021/02/06,3956.63
656,cdrucei7@npr.org,Caitlin,Druce,Bigender,2020/03/03,2365.2
657,kkopaceki8@uiuc.edu,Kelila,Kopacek,Male,2019/06/28,1903.82
658,klomazi9@irs.gov,Kalvin,Lomaz,Polygender,2019/07/07,1822.51
659,amattielliia@berkeley.edu,Alvie,Mattielli,Bigender,2021/03/10,9459.77
660,acooperib@psu.edu,Allix,Cooper,Male,2020/11/12,1698.63
661,nhuffaic@networksolutions.com,Nani,Huffa,Genderqueer,2021/02/28,4364.26
662,hbennettid@histats.com,Hatty,Bennett,Genderqueer,2020/08/31,4251.12
663,cthurlingie@yale.edu,Chelsie,Thurling,Female,2019/12/14,1267.4
664,schristeneif@parallels.com,Sig,Christene,Genderqueer,2020/09/26,5906.49
665,ehonschig@de.vu,Estelle,Honsch,Male,2019/04/03,1882.33
666,tdugmoreih@vinaora.com,Timothee,Dugmore,Agender,2020/04/01,1892.4
667,mlehouxii@twitter.com,Mead,Le Houx,Polygender,2020/12/10,6183.47
668,cperigeauxij@irs.gov,Carly,Perigeaux,Non-binary,2019/05/30,3106.52
669,lredanik@a8.net,Lorinda,Redan,Bigender,2019/05/08,2557.76
670,kkiosselil@cocolog-nifty.com,Kevon,Kiossel,Genderqueer,2020/03/27,4096.22
671,rgoldstonim@mapy.cz,Robin,Goldston,Bigender,2020/06/17,2382.54
672,tiggoin@bizjournals.com,Tallia,Iggo,Polygender,2019/04/22,4362.79
673,cdicteio@ucsd.edu,Carmella,Dicte,Bigender,2018/06/24,3192.33
674,rroslenip@elpais.com,Robinson,Roslen,Female,2019/11/03,8929.69
675,agruteiq@nsw.gov.au,Angel,Grute,Bigender,2021/01/30,7278.62
676,kogormleyir@google.cn,Kristyn,O'Gormley,Genderqueer,2020/07/24,7761.68
677,ipaulais@army.mil,Irvine,Paula,Genderfluid,2020/02/20,7281.64
678,smartiit@huffingtonpost.com,Stella,Marti,Polygender,2020/09/01,9711.49
679,ematthewsiu@instagram.com,Elonore,Matthews,Non-binary,2020/10/28,6179.92
680,dmcclaryiv@disqus.com,Diannne,McClary,Non-binary,2018/07/30,3821.28
681,mfotheringhamiw@uiuc.edu,Morrie,Fotheringham,Agender,2020/03/30,2088.74
682,bwarrenderix@telegraph.co.uk,Beatrisa,Warrender,Agender,2019/12/10,703.06
683,wgathiy@jimdo.com,Wilma,Gath,Genderqueer,2020/08/27,5654.27
684,kcordelliz@godaddy.com,Kailey,Cordell,Agender,2018/10/10,6824.42
685,bbriteej0@a8.net,Boigie,Britee,Genderqueer,2020/01/14,4022.49
686,oheildsj1@ezinearticles.com,Ofella,Heilds,Genderfluid,2020/01/17,3115.96
687,rhillsj2@irs.gov,Reamonn,Hills,Male,2018/10/27,4665.67
688,gberggrenj3@51.la,Guthry,Berggren,Polygender,2020/11/18,2779.17
689,gglencorsej4@cbsnews.com,Griswold,Glencorse,Non-binary,2018/09/09,50.57
690,eoxburyj5@columbia.edu,Eddi,Oxbury,Agender,2020/04/29,1172.44
691,lcoxonj6@psu.edu,Leigha,Coxon,Non-binary,2020/06/14,9464.03
692,crouthj7@army.mil,Chadwick,Routh,Agender,2018/05/29,7819.93
693,jpigginsj8@sohu.com,Jenni,Piggins,Genderfluid,2018/08/23,8291.34
694,kprettejohnsj9@ft.com,Kimberlee,Prettejohns,Agender,2019/05/23,7805.02
695,cfreathyja@adobe.com,Carmelita,Freathy,Bigender,2019/05/13,8533.72
696,inayerjb@umn.edu,Isacco,Nayer,Agender,2020/07/02,2367.17
697,dnutbrownjc@newyorker.com,Dominica,Nutbrown,Male,2020/05/12,4875.75
698,ilucianijd@ihg.com,Izaak,Luciani,Agender,2020/12/23,8239.4
699,lashbyje@i2i.jp,Lila,Ashby,Male,2018/08/01,1682.97
700,gdowkerjf@google.com.hk,Gardner,Dowker,Bigender,2020/02/16,6053.9
701,lwyllisjg@ocn.ne.jp,Lincoln,Wyllis,Polygender,2018/11/01,942.68
702,nbloomjh@auda.org.au,Nickolai,Bloom,Non-binary,2019/02/20,9159.79
703,msavinsji@smh.com.au,Martynne,Savins,Bigender,2019/04/17,5755.87
704,tsendalljj@domainmarket.com,Trescha,Sendall,Male,2019/06/01,4075.5
705,eseidejk@tamu.edu,Elihu,Seide,Non-binary,2020/10/04,4774.99
706,amaccafferyjl@mediafire.com,Avis,MacCaffery,Male,2018/11/07,8717.77
707,poaksjm@prweb.com,Paten,Oaks,Non-binary,2019/08/12,3574.02
708,shudlestonjn@sogou.com,Shelbi,Hudleston,Non-binary,2018/08/20,9616.49
709,mmallardjo@si.edu,Mellicent,Mallard,Non-binary,2019/12/08,7722.28
710,cclitheroejp@infoseek.co.jp,Cully,Clitheroe,Non-binary,2020/12/09,7075.79
711,ddambrogiojq@google.co.jp,Dmitri,D'Ambrogio,Bigender,2020/05/31,2751.85
712,mtuffelljr@abc.net.au,Myrilla,Tuffell,Genderqueer,2019/07/07,783.93
713,clytejs@amazonaws.com,Cornelius,Lyte,Bigender,2020/11/11,1579.18
714,fdemcikjt@acquirethisname.com,Friedrich,Demcik,Male,2019/07/04,6834.34
715,sshenleyju@army.mil,Silva,Shenley,Polygender,2018/10/24,533.23
716,kpenwardenjv@skype.com,Kassandra,Penwarden,Bigender,2020/08/21,6260.21
717,tcreejw@bbb.org,Thaine,Cree,Non-binary,2020/06/17,9165.46
718,aessonjx@tripod.com,Angil,Esson,Male,2019/09/06,8634.02
719,cwharbyjy@ted.com,Carlen,Wharby,Genderfluid,2020/02/25,9769.2
720,cgostlingjz@cnet.com,Catlaina,Gostling,Genderqueer,2020/10/29,9890.04
721,ohendrichsk0@earthlink.net,Oswald,Hendrichs,Female,2020/01/20,3184.64
722,mmarcamk1@google.co.uk,Merv,Marcam,Male,2021/03/18,2750.06
723,klovstromk2@github.com,Krista,Lovstrom,Genderfluid,2020/03/05,2392.91
724,cfassank3@arstechnica.com,Casper,Fassan,Agender,2020/03/30,7917.05
725,tclemptonk4@dion.ne.jp,Terrel,Clempton,Bigender,2020/10/12,1069.4
726,cstroudk5@archive.org,Charita,Stroud,Agender,2020/05/31,7607.04
727,ssnoddyk6@mashable.com,Selma,Snoddy,Genderqueer,2018/12/22,8086.69
728,spicknettk7@cam.ac.uk,Susana,Picknett,Bigender,2020/05/30,4568.03
729,ccustardk8@independent.co.uk,Cad,Custard,Agender,2020/12/07,7132.24
730,mcallenderk9@seattletimes.com,Malcolm,Callender,Agender,2019/07/06,5399.66
731,mtalloeka@google.de,Michaeline,Talloe,Polygender,2020/04/06,7246.34
732,ssherwellkb@cmu.edu,Scarlett,Sherwell,Non-binary,2018/08/03,1998.1
733,ncaldowkc@vkontakte.ru,Nicol,Caldow,Female,2018/09/21,8142.88
734,pdinningkd@globo.com,Pooh,Dinning,Male,2020/02/19,3313.85
735,cembureyke@nationalgeographic.com,Celia,Emburey,Genderqueer,2019/10/15,9054.1
736,nreederkf@irs.gov,Nadeen,Reeder,Bigender,2020/08/14,12.9
737,cespinoskg@squidoo.com,Carmel,Espinos,Agender,2021/02/28,8343.1
738,amogiekh@weather.com,Angelle,Mogie,Polygender,2021/02/05,1844.23
739,fsifflettki@patch.com,Frank,Sifflett,Polygender,2018/06/29,5022.86
740,tgrowcockkj@addtoany.com,Tiertza,Growcock,Agender,2019/07/15,3017.34
741,dvanleijskk@vk.com,Dareen,Van Leijs,Non-binary,2020/03/03,4166.74
742,gdallonkl@hatena.ne.jp,Glynnis,Dallon,Male,2019/02/23,7297.78
743,rchadbandkm@hao123.com,Rheta,Chadband,Male,2018/11/28,8562.34
744,smurrhauptkn@umich.edu,Sal,Murrhaupt,Non-binary,2020/11/04,1396.37
745,cshackellko@wired.com,Crichton,Shackell,Non-binary,2021/02/10,9328.97
746,lcapstaffkp@sitemeter.com,Loria,Capstaff,Polygender,2019/07/21,4434.45
747,ssorsbykq@ed.gov,Shaine,Sorsby,Male,2020/12/11,5703.21
748,brojkr@oakley.com,Bobbee,Roj,Agender,2018/06/17,4012.86
749,tgailorks@intel.com,Teressa,Gailor,Female,2019/04/20,3996.57
750,tcovolinikt@google.ca,Tymon,Covolini,Male,2021/01/06,4077.36
751,hnuzzettiku@whitehouse.gov,Harriet,Nuzzetti,Genderfluid,2019/01/11,4047.41
752,agouldthorpkv@linkedin.com,Ardeen,Gouldthorp,Genderfluid,2021/02/11,4977.02
753,agianettinikw@skyrock.com,Auria,Gianettini,Genderfluid,2020/04/03,6159.07
754,messonkx@japanpost.jp,Marlowe,Esson,Male,2019/01/22,2030.16
755,hcutajarky@behance.net,Hasheem,Cutajar,Genderfluid,2018/08/24,2596.1
756,dgaskillkz@webs.com,Diarmid,Gaskill,Non-binary,2020/08/15,21.28
757,mmonktonl0@etsy.com,Melony,Monkton,Agender,2020/07/15,2479.73
758,sthickpennyl1@patch.com,Sloane,Thickpenny,Agender,2020/02/13,947.26
759,avockingsl2@goo.gl,Ajay,Vockings,Female,2020/10/29,3162.36
760,sspurgel3@theatlantic.com,Selie,Spurge,Non-binary,2018/11/22,1459.13
761,aeckersleyl4@baidu.com,Ariel,Eckersley,Polygender,2020/12/19,9455.78
762,dbellellil5@abc.net.au,Dollie,Bellelli,Genderqueer,2019/10/21,653.42
763,kcokelyl6@stumbleupon.com,Karrie,Cokely,Bigender,2019/11/11,1084.61
764,dlukacsl7@alexa.com,Derry,Lukacs,Bigender,2020/08/12,9683.24
765,ghuggenl8@hostgator.com,Gardy,Huggen,Female,2019/03/17,3398.51
766,vmelluishl9@xrea.com,Vinson,Melluish,Male,2018/11/10,3717.21
767,mchaudrellela@symantec.com,Minetta,Chaudrelle,Female,2018/08/01,9204.17
768,gbauntonlb@china.com.cn,Gabie,Baunton,Genderfluid,2020/08/25,6867.97
769,amclicelc@oaic.gov.au,Ainsley,McLice,Bigender,2021/03/19,4259.85
770,lmcgaughield@taobao.com,Lira,McGaughie,Genderqueer,2020/11/08,9844.91
771,rcorneyle@histats.com,Rafaello,Corney,Bigender,2021/03/08,9478.26
772,eeptonlf@merriam-webster.com,Emalee,Epton,Female,2019/12/02,240.76
773,plocardlg@wunderground.com,Pepe,Locard,Genderqueer,2018/11/01,8711.13
774,rbelzlh@usatoday.com,Remington,Belz,Male,2020/06/02,7110.85
775,bbroxholmeli@prnewswire.com,Benoite,Broxholme,Bigender,2020/02/05,1789.09
776,mmacphadenlj@un.org,Mollee,MacPhaden,Female,2020/09/04,1228.22
777,pmenlowlk@mysql.com,Paola,Menlow,Agender,2019/02/09,4257.96
778,abeddardll@merriam-webster.com,Adair,Beddard,Polygender,2021/02/15,9338.33
779,abishopplm@flickr.com,Aimil,Bishopp,Genderfluid,2018/09/25,5448.65
780,btiptonln@jiathis.com,Barnard,Tipton,Bigender,2018/12/04,836.44
781,rwaneklo@nbcnews.com,Rahal,Wanek,Bigender,2019/12/29,6599.56
782,hpomerylp@seattletimes.com,Harrison,Pomery,Female,2019/04/22,8385.03
783,mgenningslq@bloglovin.com,Mercy,Gennings,Male,2020/02/26,6926.45
784,wjiruslr@livejournal.com,Welbie,Jirus,Agender,2019/06/04,7421.55
785,jscrimgeourls@whitehouse.gov,Jodee,Scrimgeour,Bigender,2018/12/23,1248.02
786,tfrontczaklt@nationalgeographic.com,Theresina,Frontczak,Non-binary,2020/01/11,2467.46
787,uquenbylu@ihg.com,Urbain,Quenby,Genderfluid,2020/08/06,9182.48
788,nsubhanlv@drupal.org,Nessie,Subhan,Genderqueer,2020/05/13,2771.53
789,eantenlw@usgs.gov,Esmaria,Anten,Polygender,2019/07/06,3955.09
790,slapworthlx@e-recht24.de,Salmon,Lapworth,Bigender,2019/07/12,526.67
791,mrobilliardly@feedburner.com,Maryrose,Robilliard,Polygender,2019/08/25,4922.72
792,rmaynelllz@miitbeian.gov.cn,Rockey,Maynell,Male,2020/11/09,8407.06
793,rgiacobillom0@bluehost.com,Robbi,Giacobillo,Non-binary,2020/02/08,4838.39
794,dhoulridgem1@google.nl,Darrell,Houlridge,Genderqueer,2019/08/03,6814.86
795,wpalombim2@army.mil,Wenda,Palombi,Polygender,2019/01/27,286.84
796,dpinksm3@squarespace.com,Dedie,Pinks,Female,2021/01/23,1711.41
797,jmowlesm4@ucoz.com,Jemmy,Mowles,Female,2019/05/09,6543.11
798,mgisbym5@joomla.org,Maryellen,Gisby,Genderfluid,2020/10/07,933.11
799,tentisslem6@sohu.com,Theresa,Entissle,Genderqueer,2020/07/01,4826.63
800,ahullockm7@indiegogo.com,Ajay,Hullock,Female,2020/11/21,7442.94
801,gcufleym8@washington.edu,Giraud,Cufley,Genderqueer,2018/10/14,478.71
802,pribeym9@1und1.de,Pembroke,Ribey,Polygender,2019/08/07,1873.38
803,achownma@domainmarket.com,Abigale,Chown,Male,2019/08/15,8644.54
804,airesonmb@is.gd,Arnold,Ireson,Genderfluid,2019/09/01,9428.62
805,afryersmc@mlb.com,Alexei,Fryers,Non-binary,2021/02/21,2103.49
806,scheavinmd@google.ru,Seka,Cheavin,Bigender,2020/12/11,950.09
807,fbyhamme@alibaba.com,Fleming,Byham,Genderfluid,2019/02/14,5685.43
808,jhryncewiczmf@hud.gov,Jeanette,Hryncewicz,Genderqueer,2019/06/21,4057.94
809,mmaskallmg@comsenz.com,Mackenzie,Maskall,Genderfluid,2020/11/03,1292.77
810,gdeschleinmh@dell.com,Ginger,Deschlein,Non-binary,2019/12/13,4073.48
811,mmcdiarmidmi@tuttocitta.it,Missy,McDiarmid,Female,2020/09/04,9595.38
812,ebindonmj@goo.ne.jp,Eddie,Bindon,Genderfluid,2018/06/19,5815.88
813,sbougourdmk@rambler.ru,Shelley,Bougourd,Genderfluid,2018/08/16,685.88
814,vforesml@t.co,Victoria,Fores,Female,2019/05/23,7209.66
815,rricardoumm@nba.com,Rosemaria,Ricardou,Non-binary,2018/12/18,8320.16
816,pbrunelleschimn@blogger.com,Pincas,Brunelleschi,Genderfluid,2019/09/25,9966.05
817,mviallmo@apache.org,Mariana,Viall,Agender,2020/03/21,6146.11
818,rellesworthemp@phpbb.com,Redford,Ellesworthe,Polygender,2021/01/01,1650.99
819,mstanlikemq@bloglines.com,Melania,Stanlike,Bigender,2019/04/27,9622.17
820,pkettonmr@unblog.fr,Pietra,Ketton,Male,2020/02/06,5462.9
821,spowlesms@marketwatch.com,Stormie,Powles,Agender,2020/04/26,383.61
822,ncadremanmt@samsung.com,Nike,Cadreman,Bigender,2018/06/13,3088.65
823,mhawkinmu@360.cn,Meredith,Hawkin,Genderqueer,2021/01/11,3943.01
824,blaybournemv@discovery.com,Betti,Laybourne,Agender,2019/12/06,7895.19
825,wkilgourmw@woothemes.com,Whitman,Kilgour,Male,2018/10/09,9782.55
826,tdoublemx@reddit.com,Theodoric,Double,Male,2019/12/19,2917.39
827,lswetlandmy@dyndns.org,Laura,Swetland,Male,2020/02/03,714.25
828,tgamonmz@digg.com,Tarah,Gamon,Polygender,2020/04/20,1308.17
829,estlegern0@blinklist.com,Elbertine,St. Leger,Bigender,2019/12/09,4743.58
830,ljahnken1@163.com,Ludovico,Jahnke,Genderqueer,2020/09/09,1114.35
831,fmillean2@tmall.com,Finley,Millea,Male,2020/06/28,2703.31
832,gmeon3@seesaa.net,Garfield,Meo,Non-binary,2021/02/20,2663.2
833,rmansfieldn4@com.com,Rori,Mansfield,Female,2020/10/05,1312.42
834,bdickingsn5@comcast.net,Brit,Dickings,Female,2019/04/07,8179.05
835,dmacgibbonn6@paypal.com,Danette,MacGibbon,Genderqueer,2020/06/08,8306.2
836,ddoudnyn7@opensource.org,Dari,Doudny,Genderfluid,2019/12/04,9719.34
837,bmcneillien8@jalbum.net,Brigid,McNeillie,Bigender,2019/05/29,7521.83
838,lgrimseyn9@tmall.com,Lindy,Grimsey,Female,2019/09/12,1000.92
839,mcicchitellona@trellian.com,Milli,Cicchitello,Male,2019/05/12,235.93
840,mblasgennb@theatlantic.com,Marion,Blasgen,Bigender,2021/03/06,3717.03
841,tbendenc@cocolog-nifty.com,Trudey,Bende,Non-binary,2019/12/30,7707.61
842,wcolquerannd@nbcnews.com,Wendi,Colqueran,Polygender,2020/06/05,2478.07
843,lheggene@macromedia.com,Lorne,Hegge,Male,2019/10/01,6312.47
844,emurtynf@zimbio.com,Etta,Murty,Non-binary,2018/06/02,1821.44
845,wlucienng@i2i.jp,Wylie,Lucien,Agender,2020/04/22,986.86
846,ggirknh@netvibes.com,Gwenny,Girk,Non-binary,2019/05/14,8464.28
847,kbuesdenni@rediff.com,Kynthia,Buesden,Genderqueer,2019/06/11,8366.64
848,mivakhinnj@irs.gov,Minnnie,Ivakhin,Genderqueer,2020/04/11,4221.67
849,bubeenk@google.com.br,Brietta,Ubee,Female,2019/11/01,2680.46
850,owychardnl@mozilla.org,Oriana,Wychard,Non-binary,2019/10/17,2966.54
851,vowainnm@nifty.com,Vivien,Owain,Genderfluid,2020/06/29,9917.27
852,kesbynn@wp.com,Kile,Esby,Bigender,2019/05/19,6640.71
853,nibbottno@over-blog.com,Nanette,Ibbott,Agender,2021/02/08,2954.16
854,bpilsworthnp@jugem.jp,Beth,Pilsworth,Polygender,2019/01/19,4152.45
855,tvariannq@scribd.com,Tessi,Varian,Genderqueer,2019/01/09,1142.63
856,jleestutnr@google.ca,Jackie,LeEstut,Female,2019/11/26,6022.23
857,wgerretsns@pcworld.com,Way,Gerrets,Bigender,2021/04/04,9611.3
858,heareynt@phoca.cz,Homere,Earey,Non-binary,2020/11/06,4657.86
859,mmehmetnu@privacy.gov.au,Maris,Mehmet,Polygender,2020/03/20,2760.34
860,vweatherhillnv@amazonaws.com,Valeria,Weatherhill,Polygender,2020/03/05,4890.95
861,cmcilorynw@princeton.edu,Cary,McIlory,Agender,2019/01/13,5384.89
862,rkliementnx@networkadvertising.org,Roosevelt,Kliement,Non-binary,2021/03/15,663.28
863,edotterillny@bing.com,Elie,Dotterill,Bigender,2020/05/20,2107.48
864,shannumnz@stumbleupon.com,Sax,Hannum,Genderqueer,2018/11/05,2588.21
865,mhowseleeo0@ox.ac.uk,Maurits,Howselee,Polygender,2019/02/06,3923.76
866,ktunnacliffeo1@house.gov,Kiley,Tunnacliffe,Non-binary,2020/05/29,4134.2
867,edankersleyo2@gravatar.com,Ermanno,Dankersley,Female,2018/06/16,4923.32
868,kgrzegorczyko3@wikispaces.com,Korney,Grzegorczyk,Bigender,2018/11/26,3164.73
869,pstoppero4@walmart.com,Pauly,Stopper,Polygender,2020/02/17,8208.15
870,lgurnero5@shareasale.com,Lotta,Gurner,Male,2020/09/02,1766.69
871,rchingedehalso6@google.co.uk,Rene,Chinge de Hals,Genderfluid,2019/09/23,4410.11
872,cblowo7@360.cn,Corbett,Blow,Bigender,2020/12/27,966.04
873,ckinfortho8@army.mil,Cathy,Kinforth,Male,2020/09/30,7457.39
874,msproato9@tamu.edu,Magnum,Sproat,Non-binary,2020/09/07,9590.26
875,npurdyoa@senate.gov,Nonna,Purdy,Genderfluid,2019/02/03,3347.23
876,obaskervilleob@accuweather.com,Orbadiah,Baskerville,Female,2020/12/22,7592.39
877,mhundelloc@youtube.com,Margaret,Hundell,Bigender,2019/11/02,8311.32
878,dvlasenkood@senate.gov,Dido,Vlasenko,Female,2018/09/24,5678.67
879,echishulloe@networkadvertising.org,Eldin,Chishull,Non-binary,2020/03/19,1349.52
880,mcorrof@furl.net,Mac,Corr,Female,2020/07/05,7562.22
881,sbruteog@qq.com,Sherline,Brute,Polygender,2018/10/07,7994.06
882,abarleeoh@oracle.com,Alphonse,Barlee,Bigender,2019/02/26,5989.26
883,wiacivellioi@phpbb.com,Wang,Iacivelli,Polygender,2021/03/09,6003.51
884,cbegganoj@hostgator.com,Calley,Beggan,Genderfluid,2020/05/05,3007.16
885,cbendelowok@digg.com,Cherlyn,Bendelow,Genderfluid,2019/05/04,4069.18
886,thuxstepol@seattletimes.com,Tonya,Huxstep,Bigender,2018/10/08,8963.77
887,oshakespearom@is.gd,Olav,Shakespear,Polygender,2020/02/07,363.6
888,gbruhnkeon@ca.gov,Gabie,Bruhnke,Agender,2019/09/09,4842.79
889,pechelleoo@cnbc.com,Putnam,Echelle,Polygender,2021/02/08,994.2
890,abushop@icq.com,Alexandr,Bush,Polygender,2020/10/24,6076.04
891,lgaugeoq@skype.com,Lalo,Gauge,Male,2021/01/30,2422.24
892,adowtryor@ow.ly,Alfie,Dowtry,Genderqueer,2019/07/24,5961.45
893,jpiddockos@example.com,Jsandye,Piddock,Agender,2019/11/29,7253.99
894,rreitenbachot@liveinternet.ru,Raynell,Reitenbach,Genderfluid,2019/08/13,3281.31
895,kthistletonou@biglobe.ne.jp,Kalli,Thistleton,Polygender,2020/10/07,9490.39
896,mmayov@google.it,Merwyn,May,Genderqueer,2020/05/01,8897.91
897,thanesow@sfgate.com,Terry,Hanes,Genderqueer,2020/12/03,6039.21
898,gcresswellox@uiuc.edu,Gregorio,Cresswell,Non-binary,2019/05/29,5953.04
899,ymayneoy@springer.com,Yoshiko,Mayne,Female,2018/12/28,5709.95
900,crozetoz@unblog.fr,Chaddie,Rozet,Male,2018/05/16,4107.58
901,cpellewp0@issuu.com,Cyrillus,Pellew,Genderqueer,2019/11/23,8305.08
902,hmcdarmidp1@amazonaws.com,Harley,McDarmid,Genderqueer,2019/03/07,5561.41
903,ldabnerp2@weather.com,Leigha,Dabner,Agender,2020/12/31,6586.6
904,dkivellep3@com.com,Derron,Kivelle,Bigender,2019/12/14,3552.51
905,cchaddp4@cbsnews.com,Chalmers,Chadd,Genderqueer,2021/02/23,5512.17
906,mcollobyp5@wiley.com,Mayne,Colloby,Female,2018/08/25,6122.11
907,nperottp6@mlb.com,Nikolai,Perott,Polygender,2021/02/06,7763.28
908,nosemanp7@zimbio.com,Niki,Oseman,Bigender,2019/12/31,2002.49
909,fkayleyp8@springer.com,Free,Kayley,Genderqueer,2019/12/28,9977.18
910,tmclugaishp9@plala.or.jp,Tanya,McLugaish,Non-binary,2020/12/05,9027.98
911,hstreetleypa@sciencedaily.com,Hilario,Streetley,Polygender,2019/11/07,6042.91
912,gearppb@miitbeian.gov.cn,Gwynne,Earp,Male,2019/01/31,9001.44
913,vbrowellpc@theglobeandmail.com,Valma,Browell,Genderfluid,2019/05/16,7720.82
914,fmohringpd@nps.gov,Fallon,Mohring,Polygender,2021/01/21,6825.41
915,bsproulepe@auda.org.au,Bartholemy,Sproule,Male,2021/01/17,8220.15
916,htedderpf@ihg.com,Hattie,Tedder,Male,2020/03/05,2079.84
917,adonisipg@yale.edu,Ab,Donisi,Agender,2020/02/19,4237.79
918,bokieph@biblegateway.com,Bernice,Okie,Agender,2021/01/28,6712.46
919,bgascarpi@ox.ac.uk,Beck,Gascar,Agender,2020/04/18,2449.36
920,bgullypj@sbwire.com,Brunhilde,Gully,Genderqueer,2020/08/13,7055.64
921,eacasterpk@issuu.com,Eyde,Acaster,Male,2020/11/06,598.97
922,nbridgettpl@youku.com,Nancy,Bridgett,Male,2021/01/28,2440.47
923,gloudwellpm@phoca.cz,Griselda,Loudwell,Agender,2019/09/09,3856.6
924,lohaganpn@forbes.com,Lonee,O'Hagan,Genderqueer,2018/07/09,8862.87
925,tglasnerpo@google.com.au,Thaddus,Glasner,Female,2020/11/11,4418.83
926,bchrichtonpp@slashdot.org,Bethina,Chrichton,Genderqueer,2020/01/05,9319.71
927,ncottelpq@tuttocitta.it,Norby,Cottel,Genderfluid,2019/07/18,578.52
928,sbradshawpr@webnode.com,Sauncho,Bradshaw,Male,2019/06/18,1252.11
929,mblazeyps@prweb.com,Magdalena,Blazey,Female,2019/03/14,9718.11
930,kredmellpt@webmd.com,Kandace,Redmell,Male,2020/03/16,4628.43
931,aspataropu@paypal.com,Annetta,Spataro,Genderqueer,2020/04/17,344.5
932,hcaverhillpv@jalbum.net,Hall,Caverhill,Polygender,2020/08/03,3540.89
933,phulkspw@cdbaby.com,Peggie,Hulks,Bigender,2019/08/23,9964.05
934,amccaughanpx@un.org,Allister,Mc Caughan,Agender,2018/10/01,1222.08
935,bmaccarranepy@pen.io,Betsy,MacCarrane,Agender,2020/07/01,2717.23
936,fseinpz@imageshack.us,Fredrika,Sein,Agender,2018/08/02,69.57
937,acastlesq0@hp.com,Ase,Castles,Bigender,2019/10/11,1792.87
938,bbennettq1@weibo.com,Briant,Bennett,Genderfluid,2018/10/19,1858.64
939,grittmeyerq2@gnu.org,Gussi,Rittmeyer,Male,2021/01/01,3101.13
940,bscraggsq3@histats.com,Brnaby,Scraggs,Male,2020/05/06,4295.05
941,bwallq4@ezinearticles.com,Bail,Wall,Bigender,2020/11/28,2221.12
942,ggaleroq5@foxnews.com,Gran,Galero,Genderfluid,2021/04/09,3403.98
943,kswarbriggq6@ucsd.edu,Korney,Swarbrigg,Male,2020/10/23,1798.39
944,kcageq7@marriott.com,Krysta,Cage,Bigender,2019/06/28,1398.09
945,kmartinatq8@arizona.edu,Kizzie,Martinat,Non-binary,2019/07/23,7343.23
946,waskeyq9@mozilla.com,Willi,Askey,Agender,2020/06/22,5721.86
947,clamacraftqa@rambler.ru,Chrissy,Lamacraft,Female,2021/03/06,1272.16
948,tcowlishawqb@merriam-webster.com,Thedrick,Cowlishaw,Bigender,2019/06/18,2251.74
949,jpulfordqc@51.la,Juli,Pulford,Non-binary,2020/05/21,2921.77
950,mgreensetqd@behance.net,Maris,Greenset,Non-binary,2020/02/16,5690.43
951,rsisselotqe@smh.com.au,Ranna,Sisselot,Female,2018/06/04,2422.66
952,dmargueriteqf@go.com,Dot,Marguerite,Bigender,2019/06/01,2312.56
953,ebrownellqg@reverbnation.com,Esther,Brownell,Male,2018/09/29,5013.06
954,jchalderqh@yale.edu,Jeanine,Chalder,Female,2020/01/10,2861.71
955,pjakubovicsqi@constantcontact.com,Palm,Jakubovics,Agender,2020/04/20,9089.09
956,mbozworthqj@europa.eu,Mommy,Bozworth,Bigender,2020/10/31,2311.45
957,gplesingqk@mozilla.org,Garvin,Plesing,Female,2020/10/18,7169.3
958,tfansyql@deliciousdays.com,Thorstein,Fansy,Bigender,2020/10/14,9375.37
959,jlavallinqm@google.it,Joe,Lavallin,Genderfluid,2021/03/19,2127.34
960,klindmanqn@yellowpages.com,Kathi,Lindman,Non-binary,2019/10/04,4599.12
961,jkiehneqo@yellowbook.com,Junie,Kiehne,Genderfluid,2018/06/12,8225.4
962,rjensenqp@tamu.edu,Regina,Jensen,Polygender,2018/09/26,9301.86
963,grizzoneqq@epa.gov,Giralda,Rizzone,Polygender,2020/04/04,2850.74
964,szanicchelliqr@vk.com,Skelly,Zanicchelli,Genderqueer,2018/12/11,1494.79
965,lkimmelqs@cafepress.com,Latashia,Kimmel,Non-binary,2019/07/16,1451.04
966,dberntssenqt@japanpost.jp,Doll,Berntssen,Polygender,2020/09/16,8427.24
967,nmacdaidqu@reverbnation.com,Nadean,MacDaid,Male,2020/04/08,8645.08
968,ajakelqv@virginia.edu,Angelia,Jakel,Genderfluid,2020/08/15,7585.47
969,msinisburyqw@geocities.jp,Marget,Sinisbury,Male,2021/04/08,604.52
970,bdammarellqx@elegantthemes.com,Brad,Dammarell,Genderqueer,2018/06/15,2272.59
971,vcrippillqy@dailymotion.com,Valli,Crippill,Genderqueer,2020/10/01,8575.55
972,ldougalqz@mapquest.com,Linnie,Dougal,Female,2021/02/24,1608.3
973,ederingr0@cbslocal.com,Eda,Dering,Bigender,2020/06/11,4678.13
974,ccornewr1@sfgate.com,Colman,Cornew,Polygender,2019/05/11,7197.06
975,rakisterr2@usatoday.com,Rae,Akister,Female,2021/04/05,8049.75
976,bhodgenr3@gmpg.org,Bartie,Hodgen,Bigender,2018/10/21,3006.59
977,veydenr4@hud.gov,Valera,Eyden,Non-binary,2019/06/06,7794.44
978,cdebruijner5@de.vu,Coleman,De Bruijne,Non-binary,2021/03/24,9109.0
979,rdangerfieldr6@meetup.com,Rochette,Dangerfield,Agender,2019/11/03,2431.47
980,lbrindedr7@ifeng.com,Lamar,Brinded,Female,2018/10/28,7968.58
981,cmcculloughr8@weebly.com,Carrie,McCullough,Bigender,2020/09/30,2162.88
982,pmaccarrollr9@ed.gov,Pearl,MacCarroll,Non-binary,2019/03/10,5605.57
983,bchastelainra@privacy.gov.au,Bondon,Chastelain,Non-binary,2020/03/17,9311.26
984,eruskerb@pinterest.com,Eudora,Ruske,Genderqueer,2018/08/03,7392.75
985,fforcerc@walmart.com,Fraze,Force,Genderfluid,2020/02/29,3534.44
986,kbrudenellrd@a8.net,Kim,Brudenell,Non-binary,2020/03/14,8138.27
987,ddrescherre@privacy.gov.au,Dominick,Drescher,Genderqueer,2018/10/27,4879.1
988,shacquoilrf@about.com,Shalna,Hacquoil,Genderqueer,2019/05/31,9474.45
989,kburfordrg@mozilla.com,Kalina,Burford,Bigender,2018/07/02,5534.15
990,avasilischevrh@weebly.com,Antonino,Vasilischev,Agender,2020/02/11,6541.03
991,zwickenri@squarespace.com,Zora,Wicken,Polygender,2019/12/25,57.05
992,swarrilowrj@angelfire.com,Sandor,Warrilow,Polygender,2020/07/07,3072.86
993,rbarrottrk@friendfeed.com,Renee,Barrott,Agender,2019/07/12,4568.81
994,dkurthrl@gnu.org,Doralin,Kurth,Bigender,2021/03/18,3736.26
995,kfeldheimrm@topsy.com,Karyn,Feldheim,Genderqueer,2021/02/09,1407.26
996,blackintonrn@huffingtonpost.com,Berne,Lackinton,Agender,2020/03/29,9128.73
997,dwoodroffro@blogs.com,Dacie,Woodroff,Polygender,2019/08/23,8601.32
998,jslaghtrp@geocities.jp,Jolene,Slaght,Non-binary,2019/07/15,2774.55
999,lliddelrq@mysql.com,Lisha,Liddel,Non-binary,2020/04/08,4879.5
1000,ahalheadrr@army.mil,Alyson,Halhead,Non-binary,2018/08/06,5023.13
